age,hero,points,date,new,event
Adult,"Katsu, the Wanderer",100,2021-07-29,,
Adult,"Dash, Inventor Extraordinaire",40,2021-07-29,,
Adult,Dorinthea Ironsong,40,2021-07-29,,
Adult,"Azalea, Ace in the Hole",0,2021-07-29,,
Adult,"Ser Boltyn, Breaker of Dawn",0,2021-07-29,,
Adult,"Bravo, Showstopper",0,2021-07-29,,
Adult,"Chane, Bound by Shadow",0,2021-07-29,,
Adult,"Kano, Dracai of Aether",0,2021-07-29,,
Adult,"Levia, Shadowborn Abomination",0,2021-07-29,,
Adult,"Prism, Sculptor of Arc Light",0,2021-07-29,,
Adult,"Rhinar, Reckless Rampage",0,2021-07-29,,
Adult,"Viserai, Rune Blood",0,2021-07-29,,
Adult,"Azalea, Ace in the Hole",0,2021-09-15,,
Adult,"Ser Boltyn, Breaker of Dawn",120,2021-09-15,,
Adult,"Bravo, Showstopper",108,2021-09-15,,
Adult,"Chane, Bound by Shadow",402,2021-09-15,,
Adult,"Dash, Inventor Extraordinaire",100,2021-09-15,,
Adult,Dorinthea Ironsong,118,2021-09-15,,
Adult,"Kano, Dracai of Aether",6,2021-09-15,,
Adult,"Katsu, the Wanderer",274,2021-09-15,,
Adult,"Levia, Shadowborn Abomination",0,2021-09-15,,
Adult,"Prism, Sculptor of Arc Light",172,2021-09-15,,
Adult,"Rhinar, Reckless Rampage",24,2021-09-15,,
Adult,"Viserai, Rune Blood",12,2021-09-15,,
Adult,"Azalea, Ace in the Hole",0,2021-12-14,,
Adult,"Ser Boltyn, Breaker of Dawn",140,2021-12-14,,
Adult,"Bravo, Showstopper",148,2021-12-14,,
Adult,"Chane, Bound by Shadow",442,2021-12-14,,
Adult,"Dash, Inventor Extraordinaire",120,2021-12-14,,
Adult,Dorinthea Ironsong,138,2021-12-14,,
Adult,"Kano, Dracai of Aether",26,2021-12-14,,
Adult,"Katsu, the Wanderer",294,2021-12-14,,
Adult,"Levia, Shadowborn Abomination",0,2021-12-14,,
Adult,"Prism, Sculptor of Arc Light",172,2021-12-14,,
Adult,"Rhinar, Reckless Rampage",24,2021-12-14,,
Adult,"Viserai, Rune Blood",12,2021-12-14,,
Adult,"Briar, Warden of Thorns",400,2021-12-14,NEW,
Adult,"Oldhim, Grandfather of Eternity",120,2021-12-14,NEW,
Adult,"Lexi, Livewire",40,2021-12-14,NEW,
Young,"Ira, Crimson Haze",196,2021-07-29,,
Young,Chane,63,2021-07-29,,
Young,Dorinthea,48,2021-07-29,,
Young,Kano,33,2021-07-29,,
Young,Bravo,21,2021-07-29,,
Young,Boltyn,12,2021-07-29,,
Young,Prism,12,2021-07-29,,
Young,Dash,3,2021-07-29,,
Young,"Kassai, Cintari Sellsword",3,2021-07-29,,
Young,Katsu,3,2021-07-29,,
Young,Viserai,3,2021-07-29,,
Young,Azalea,0,2021-07-29,,
Young,"Benji, the Piercing Wind",0,2021-07-29,,
Young,Data Doll MKII,0,2021-07-29,,
Young,"Kavdaen, Trader of Skins",0,2021-07-29,,
Young,"Kayo, Berserker Runt",0,2021-07-29,,
Young,Levia,0,2021-07-29,,
Young,Rhinar,0,2021-07-29,,
Young,"Shiyana, Diamond Gemini",0,2021-07-29,,
Adult,"Bravo, Star of the Show",552,2022-03-10,,"ProQuest seson 1, wk 3"
Adult,"Chane, Bound by Shadow",526,2022-03-10,,"ProQuest seson 1, wk 3"
Adult,"Prism, Sculptor of Arc Light",470,2022-03-10,,"ProQuest seson 1, wk 3"
Adult,"Briar, Warden of Thorns",424,2022-03-10,,"ProQuest seson 1, wk 3"
Adult,"Katsu, the Wanderer",330,2022-03-10,,"ProQuest seson 1, wk 3"
Adult,"Viserai, Rune Blood",208,2022-03-10,,"ProQuest seson 1, wk 3"
Adult,"Bravo, Showstopper",172,2022-03-10,,"ProQuest seson 1, wk 3"
Adult,"Ser Boltyn, Breaker of Dawn",152,2022-03-10,,"ProQuest seson 1, wk 3"
Adult,Dorinthea Ironsong,150,2022-03-10,,"ProQuest seson 1, wk 3"
Adult,"Oldhim, Grandfather of Eternity",150,2022-03-10,,"ProQuest seson 1, wk 3"
Adult,"Dash, Inventor Extraordinaire",144,2022-03-10,,"ProQuest seson 1, wk 3"
Adult,"Lexi, Livewire",82,2022-03-10,,"ProQuest seson 1, wk 3"
Adult,"Rhinar, Reckless Rampage",30,2022-03-10,,"ProQuest seson 1, wk 3"
Adult,"Kano, Dracai of Aether",26,2022-03-10,,"ProQuest seson 1, wk 3"
Adult,"Azalea, Ace in the Hole",0,2022-03-10,,"ProQuest seson 1, wk 3"
Adult,"Levia, Shadowborn Abomination",0,2022-03-10,,"ProQuest seson 1, wk 3"
Adult,"Bravo, Star of the Show",814,2022-03-21,,The Calling Indianapolis
Adult,"Prism, Sculptor of Arc Light",560,2022-03-21,,The Calling Indianapolis
Adult,"Chane, Bound by Shadow",556,2022-03-21,,The Calling Indianapolis
Adult,"Briar, Warden of Thorns",430,2022-03-21,,The Calling Indianapolis
Adult,"Katsu, the Wanderer",330,2022-03-21,,The Calling Indianapolis
Adult,"Viserai, Rune Blood",274,2022-03-21,,The Calling Indianapolis
Adult,"Bravo, Showstopper",172,2022-03-21,,The Calling Indianapolis
Adult,"Ser Boltyn, Breaker of Dawn",152,2022-03-21,,The Calling Indianapolis
Adult,Dorinthea Ironsong,150,2022-03-21,,The Calling Indianapolis
Adult,"Oldhim, Grandfather of Eternity",150,2022-03-21,,The Calling Indianapolis
Adult,"Dash, Inventor Extraordinaire",144,2022-03-21,,The Calling Indianapolis
Adult,"Lexi, Livewire",94,2022-03-21,,The Calling Indianapolis
Adult,"Kano, Dracai of Aether",32,2022-03-21,,The Calling Indianapolis
Adult,"Rhinar, Reckless Rampage",30,2022-03-21,,The Calling Indianapolis
Adult,"Azalea, Ace in the Hole",0,2022-03-21,,The Calling Indianapolis
Adult,"Levia, Shadowborn Abomination",0,2022-03-21,,The Calling Indianapolis
Young,Viserai,503,2022-03-21,,Unkown
Young,Oldhim,328,2022-03-21,,Unkown
Young,"Ira, Crimson Haze",286,2022-03-21,,Unkown
Young,Dorinthea,179,2022-03-21,,Unkown
Young,Kano,177,2022-03-21,,Unkown
Young,"Kassai, Cintari Sellsword",162,2022-03-21,,Unkown
Young,Briar,131,2022-03-21,,Unkown
Young,Chane,109,2022-03-21,,Unkown
Young,Rhinar,68,2022-03-21,,Unkown
Young,Iyslander,50,2022-03-21,,Unkown
Young,Dash,47,2022-03-21,,Unkown
Young,Bravo,46,2022-03-21,,Unkown
Young,Prism,33,2022-03-21,,Unkown
Young,Lexi,22,2022-03-21,,Unkown
Young,Boltyn,15,2022-03-21,,Unkown
Young,Levia,13,2022-03-21,,Unkown
Young,"Benji, the Piercing Wind",5,2022-03-21,,Unkown
Young,Katsu,5,2022-03-21,,Unkown
Young,Azalea,0,2022-03-21,,Unkown
Young,Data Doll MKII,0,2022-03-21,,Unkown
Young,Genis Wotchuneed,0,2022-03-21,,Unkown
Young,"Kavdaen, Trader of Skins",0,2022-03-21,,Unkown
Young,"Kayo, Berserker Runt",0,2022-03-21,,Unkown
Young,"Shiyana, Diamond Gemini",0,2022-03-21,,Unkown
Young,Valda Brightaxe,0,2022-03-21,,Unkown
Adult,"Bravo, Star of the Show",974,2022-05-02,,Battle Hardened Pittsburgh
Adult,"Prism, Sculptor of Arc Light",620,2022-05-02,,Battle Hardened Pittsburgh
Adult,"Chane, Bound by Shadow",556,2022-05-02,,Battle Hardened Pittsburgh
Adult,"Briar, Warden of Thorns",430,2022-05-02,,Battle Hardened Pittsburgh
Adult,"Katsu, the Wanderer",330,2022-05-02,,Battle Hardened Pittsburgh
Adult,"Viserai, Rune Blood",274,2022-05-02,,Battle Hardened Pittsburgh
Adult,"Bravo, Showstopper",172,2022-05-02,,Battle Hardened Pittsburgh
Adult,"Ser Boltyn, Breaker of Dawn",152,2022-05-02,,Battle Hardened Pittsburgh
Adult,Dorinthea Ironsong,150,2022-05-02,,Battle Hardened Pittsburgh
Adult,"Oldhim, Grandfather of Eternity",150,2022-05-02,,Battle Hardened Pittsburgh
Adult,"Dash, Inventor Extraordinaire",144,2022-05-02,,Battle Hardened Pittsburgh
Adult,"Lexi, Livewire",94,2022-05-02,,Battle Hardened Pittsburgh
Adult,"Kano, Dracai of Aether",32,2022-05-02,,Battle Hardened Pittsburgh
Adult,"Rhinar, Reckless Rampage",30,2022-05-02,,Battle Hardened Pittsburgh
Adult,"Azalea, Ace in the Hole",0,2022-05-02,,Battle Hardened Pittsburgh
Adult,"Levia, Shadowborn Abomination",0,2022-05-02,,Battle Hardened Pittsburgh
Young,Viserai,509,2022-04-25,,Battle Hardened Taiwan / Frankfurt
Young,Oldhim,336,2022-04-25,,Battle Hardened Taiwan / Frankfurt
Young,"Ira, Crimson Haze",286,2022-04-25,,Battle Hardened Taiwan / Frankfurt
Young,Dorinthea,179,2022-04-25,,Battle Hardened Taiwan / Frankfurt
Young,Kano,177,2022-04-25,,Battle Hardened Taiwan / Frankfurt
Young,"Kassai, Cintari Sellsword",166,2022-04-25,,Battle Hardened Taiwan / Frankfurt
Young,Briar,131,2022-04-25,,Battle Hardened Taiwan / Frankfurt
Young,Chane,109,2022-04-25,,Battle Hardened Taiwan / Frankfurt
Young,Rhinar,68,2022-04-25,,Battle Hardened Taiwan / Frankfurt
Young,Iyslander,52,2022-04-25,,Battle Hardened Taiwan / Frankfurt
Young,Dash,47,2022-04-25,,Battle Hardened Taiwan / Frankfurt
Young,Bravo,46,2022-04-25,,Battle Hardened Taiwan / Frankfurt
Young,Prism,33,2022-04-25,,Battle Hardened Taiwan / Frankfurt
Young,Lexi,22,2022-04-25,,Battle Hardened Taiwan / Frankfurt
Young,Boltyn,15,2022-04-25,,Battle Hardened Taiwan / Frankfurt
Young,Levia,13,2022-04-25,,Battle Hardened Taiwan / Frankfurt
Young,"Benji, the Piercing Wind",5,2022-04-25,,Battle Hardened Taiwan / Frankfurt
Young,Katsu,5,2022-04-25,,Battle Hardened Taiwan / Frankfurt
Young,Valda Brightaxe,2,2022-04-25,,Battle Hardened Taiwan / Frankfurt
Young,Azalea,0,2022-04-25,,Battle Hardened Taiwan / Frankfurt
Young,Data Doll MKII,0,2022-04-25,,Battle Hardened Taiwan / Frankfurt
Young,Genis Wotchuneed,0,2022-04-25,,Battle Hardened Taiwan / Frankfurt
Young,"Kavdaen, Trader of Skins",0,2022-04-25,,Battle Hardened Taiwan / Frankfurt
Young,"Kayo, Berserker Runt",0,2022-04-25,,Battle Hardened Taiwan / Frankfurt
Young,"Shiyana, Diamond Gemini",0,2022-04-25,,Battle Hardened Taiwan / Frankfurt
Adult,"Bravo, Star of the Show",1098,2022-05-16,,"ProQuest S2, week 1"
Adult,"Chane, Bound by Shadow",808,2022-05-16,,"ProQuest S2, week 1"
Adult,"Prism, Sculptor of Arc Light",640,2022-05-16,,"ProQuest S2, week 1"
Adult,"Briar, Warden of Thorns",446,2022-05-16,,"ProQuest S2, week 1"
Adult,"Katsu, the Wanderer",338,2022-05-16,,"ProQuest S2, week 1"
Adult,"Viserai, Rune Blood",278,2022-05-16,,"ProQuest S2, week 1"
Adult,"Bravo, Showstopper",172,2022-05-16,,"ProQuest S2, week 1"
Adult,"Ser Boltyn, Breaker of Dawn",152,2022-05-16,,"ProQuest S2, week 1"
Adult,Dorinthea Ironsong,150,2022-05-16,,"ProQuest S2, week 1"
Adult,"Oldhim, Grandfather of Eternity",150,2022-05-16,,"ProQuest S2, week 1"
Adult,"Dash, Inventor Extraordinaire",144,2022-05-16,,"ProQuest S2, week 1"
Adult,"Lexi, Livewire",98,2022-05-16,,"ProQuest S2, week 1"
Adult,"Rhinar, Reckless Rampage",34,2022-05-16,,"ProQuest S2, week 1"
Adult,"Kano, Dracai of Aether",32,2022-05-16,,"ProQuest S2, week 1"
Adult,"Azalea, Ace in the Hole",0,2022-05-16,,"ProQuest S2, week 1"
Adult,"Levia, Shadowborn Abomination",0,2022-05-16,,"ProQuest S2, week 1"
Young,Viserai,509,2022-05-16,,Battle Hardened New Jersey
Young,Oldhim,366,2022-05-16,,Battle Hardened New Jersey
Young,"Ira, Crimson Haze",286,2022-05-16,,Battle Hardened New Jersey
Young,Dorinthea,179,2022-05-16,,Battle Hardened New Jersey
Young,Kano,177,2022-05-16,,Battle Hardened New Jersey
Young,"Kassai, Cintari Sellsword",166,2022-05-16,,Battle Hardened New Jersey
Young,Briar,131,2022-05-16,,Battle Hardened New Jersey
Young,Chane,109,2022-05-16,,Battle Hardened New Jersey
Young,Rhinar,68,2022-05-16,,Battle Hardened New Jersey
Young,Iyslander,52,2022-05-16,,Battle Hardened New Jersey
Young,Dash,47,2022-05-16,,Battle Hardened New Jersey
Young,Bravo,46,2022-05-16,,Battle Hardened New Jersey
Young,Prism,33,2022-05-16,,Battle Hardened New Jersey
Young,Lexi,22,2022-05-16,,Battle Hardened New Jersey
Young,Boltyn,15,2022-05-16,,Battle Hardened New Jersey
Young,Levia,13,2022-05-16,,Battle Hardened New Jersey
Young,"Benji, the Piercing Wind",5,2022-05-16,,Battle Hardened New Jersey
Young,Katsu,5,2022-05-16,,Battle Hardened New Jersey
Young,Valda Brightaxe,2,2022-05-16,,Battle Hardened New Jersey
Young,Azalea,0,2022-05-16,,Battle Hardened New Jersey
Young,Data Doll MKII,0,2022-05-16,,Battle Hardened New Jersey
Young,Genis Wotchuneed,0,2022-05-16,,Battle Hardened New Jersey
Young,"Kavdaen, Trader of Skins",0,2022-05-16,,Battle Hardened New Jersey
Young,"Kayo, Berserker Runt",0,2022-05-16,,Battle Hardened New Jersey
Young,"Shiyana, Diamond Gemini",0,2022-05-16,,Battle Hardened New Jersey
Adult,"Bravo, Star of the Show",1390,2022-06-01,,"ProQuest S2, week 3"
Adult,"Chane, Bound by Shadow",988,2022-06-01,,"ProQuest S2, week 3"
Adult,"Prism, Sculptor of Arc Light",780,2022-06-01,,"ProQuest S2, week 3"
Adult,"Briar, Warden of Thorns",522,2022-06-01,,"ProQuest S2, week 3"
Adult,"Katsu, the Wanderer",342,2022-06-01,,"ProQuest S2, week 3"
Adult,"Viserai, Rune Blood",278,2022-06-01,,"ProQuest S2, week 3"
Adult,"Bravo, Showstopper",180,2022-06-01,,"ProQuest S2, week 3"
Adult,Dorinthea Ironsong,158,2022-06-01,,"ProQuest S2, week 3"
Adult,"Oldhim, Grandfather of Eternity",158,2022-06-01,,"ProQuest S2, week 3"
Adult,"Dash, Inventor Extraordinaire",156,2022-06-01,,"ProQuest S2, week 3"
Adult,"Ser Boltyn, Breaker of Dawn",156,2022-06-01,,"ProQuest S2, week 3"
Adult,"Lexi, Livewire",122,2022-06-01,,"ProQuest S2, week 3"
Adult,"Rhinar, Reckless Rampage",42,2022-06-01,,"ProQuest S2, week 3"
Adult,"Kano, Dracai of Aether",32,2022-06-01,,"ProQuest S2, week 3"
Adult,"Levia, Shadowborn Abomination",4,2022-06-01,,"ProQuest S2, week 3"
Adult,"Azalea, Ace in the Hole",0,2022-06-01,,"ProQuest S2, week 3"
Adult,"Bravo, Star of the Show",1582,2022-06-13,,Battle Hardened at World Premiere Weekend
Adult,"Chane, Bound by Shadow",1102,2022-06-13,,Battle Hardened at World Premiere Weekend
Adult,"Prism, Sculptor of Arc Light",848,2022-06-13,,Battle Hardened at World Premiere Weekend
Adult,"Briar, Warden of Thorns",558,2022-06-13,,Battle Hardened at World Premiere Weekend
Adult,"Katsu, the Wanderer",342,2022-06-13,,Battle Hardened at World Premiere Weekend
Adult,"Viserai, Rune Blood",278,2022-06-13,,Battle Hardened at World Premiere Weekend
Adult,"Bravo, Showstopper",196,2022-06-13,,Battle Hardened at World Premiere Weekend
Adult,Dorinthea Ironsong,166,2022-06-13,,Battle Hardened at World Premiere Weekend
Adult,"Oldhim, Grandfather of Eternity",166,2022-06-13,,Battle Hardened at World Premiere Weekend
Adult,"Dash, Inventor Extraordinaire",164,2022-06-13,,Battle Hardened at World Premiere Weekend
Adult,"Ser Boltyn, Breaker of Dawn",156,2022-06-13,,Battle Hardened at World Premiere Weekend
Adult,"Lexi, Livewire",130,2022-06-13,,Battle Hardened at World Premiere Weekend
Adult,"Rhinar, Reckless Rampage",46,2022-06-13,,Battle Hardened at World Premiere Weekend
Adult,"Kano, Dracai of Aether",40,2022-06-13,,Battle Hardened at World Premiere Weekend
Adult,"Levia, Shadowborn Abomination",8,2022-06-13,,Battle Hardened at World Premiere Weekend
Adult,"Azalea, Ace in the Hole",0,2022-06-13,,Battle Hardened at World Premiere Weekend
Adult,"Dromai, Ash Artist",0,2022-06-13,NEW,Battle Hardened at World Premiere Weekend
Adult,"Fai, Rising Rebellion",0,2022-06-13,NEW,Battle Hardened at World Premiere Weekend
Adult,"Iyslander, Stormbind",0,2022-06-13,NEW,Battle Hardened at World Premiere Weekend
Young,Viserai,509,2022-06-13,,Battle Hardened New Jersey
Young,Oldhim,366,2022-06-13,,Battle Hardened New Jersey
Young,"Ira, Crimson Haze",286,2022-06-13,,Battle Hardened New Jersey
Young,Dorinthea,179,2022-06-13,,Battle Hardened New Jersey
Young,Kano,177,2022-06-13,,Battle Hardened New Jersey
Young,"Kassai, Cintari Sellsword",166,2022-06-13,,Battle Hardened New Jersey
Young,Briar,131,2022-06-13,,Battle Hardened New Jersey
Young,Chane,109,2022-06-13,,Battle Hardened New Jersey
Young,Rhinar,68,2022-06-13,,Battle Hardened New Jersey
Young,Iyslander,52,2022-06-13,,Battle Hardened New Jersey
Young,Dash,47,2022-06-13,,Battle Hardened New Jersey
Young,Bravo,46,2022-06-13,,Battle Hardened New Jersey
Young,Prism,33,2022-06-13,,Battle Hardened New Jersey
Young,Lexi,22,2022-06-13,,Battle Hardened New Jersey
Young,Boltyn,15,2022-06-13,,Battle Hardened New Jersey
Young,Levia,13,2022-06-13,,Battle Hardened New Jersey
Young,"Benji, the Piercing Wind",5,2022-06-13,,Battle Hardened New Jersey
Young,Katsu,5,2022-06-13,,Battle Hardened New Jersey
Young,Valda Brightaxe,2,2022-06-13,,Battle Hardened New Jersey
Young,Azalea,0,2022-06-13,,Battle Hardened New Jersey
Young,Data Doll MKII,0,2022-06-13,,Battle Hardened New Jersey
Young,Genis Wotchuneed,0,2022-06-13,,Battle Hardened New Jersey
Young,"Kavdaen, Trader of Skins",0,2022-06-13,,Battle Hardened New Jersey
Young,"Kayo, Berserker Runt",0,2022-06-13,,Battle Hardened New Jersey
Young,"Shiyana, Diamond Gemini",0,2022-06-13,,Battle Hardened New Jersey
Young,Dromai,0,2022-06-13,NEW,Battle Hardened New Jersey
Young,Fai,0,2022-06-13,NEW,Battle Hardened New Jersey
Adult,"Bravo, Star of the Show",1582,2022-07-25,,Conclusion of Road to Nationals / Calling Utrecht
Adult,"Chane, Bound by Shadow",1102,2022-07-25,,Conclusion of Road to Nationals / Calling Utrecht
Adult,"Prism, Sculptor of Arc Light",998,2022-07-25,,Conclusion of Road to Nationals / Calling Utrecht
Adult,"Briar, Warden of Thorns",642,2022-07-25,,Conclusion of Road to Nationals / Calling Utrecht
Adult,"Viserai, Rune Blood",382,2022-07-25,,Conclusion of Road to Nationals / Calling Utrecht
Adult,"Katsu, the Wanderer",346,2022-07-25,,Conclusion of Road to Nationals / Calling Utrecht
Adult,"Bravo, Showstopper",228,2022-07-25,,Conclusion of Road to Nationals / Calling Utrecht
Adult,"Oldhim, Grandfather of Eternity",218,2022-07-25,,Conclusion of Road to Nationals / Calling Utrecht
Adult,Dorinthea Ironsong,194,2022-07-25,,Conclusion of Road to Nationals / Calling Utrecht
Adult,"Dash, Inventor Extraordinaire",192,2022-07-25,,Conclusion of Road to Nationals / Calling Utrecht
Adult,"Fai, Rising Rebellion",184,2022-07-25,,Conclusion of Road to Nationals / Calling Utrecht
Adult,"Lexi, Livewire",182,2022-07-25,,Conclusion of Road to Nationals / Calling Utrecht
Adult,"Ser Boltyn, Breaker of Dawn",160,2022-07-25,,Conclusion of Road to Nationals / Calling Utrecht
Adult,"Rhinar, Reckless Rampage",50,2022-07-25,,Conclusion of Road to Nationals / Calling Utrecht
Adult,"Kano, Dracai of Aether",48,2022-07-25,,Conclusion of Road to Nationals / Calling Utrecht
Adult,"Dromai, Ash Artist",28,2022-07-25,,Conclusion of Road to Nationals / Calling Utrecht
Adult,"Levia, Shadowborn Abomination",20,2022-07-25,,Conclusion of Road to Nationals / Calling Utrecht
Adult,"Iyslander, Stormbind",12,2022-07-25,,Conclusion of Road to Nationals / Calling Utrecht
Adult,"Azalea, Ace in the Hole",0,2022-07-25,,Conclusion of Road to Nationals / Calling Utrecht
Young,Viserai,509,2022-07-25,,Battle Hardened Toronto
Young,Oldhim,366,2022-07-25,,Battle Hardened Toronto
Young,"Ira, Crimson Haze",286,2022-07-25,,Battle Hardened Toronto
Young,Dorinthea,179,2022-07-25,,Battle Hardened Toronto
Young,Kano,177,2022-07-25,,Battle Hardened Toronto
Young,"Kassai, Cintari Sellsword",166,2022-07-25,,Battle Hardened Toronto
Young,Briar,131,2022-07-25,,Battle Hardened Toronto
Young,Chane,109,2022-07-25,,Battle Hardened Toronto
Young,Iyslander,82,2022-07-25,,Battle Hardened Toronto
Young,Rhinar,68,2022-07-25,,Battle Hardened Toronto
Young,Dash,47,2022-07-25,,Battle Hardened Toronto
Young,Bravo,46,2022-07-25,,Battle Hardened Toronto
Young,Prism,33,2022-07-25,,Battle Hardened Toronto
Young,Lexi,22,2022-07-25,,Battle Hardened Toronto
Young,Boltyn,15,2022-07-25,,Battle Hardened Toronto
Young,Levia,13,2022-07-25,,Battle Hardened Toronto
Young,"Benji, the Piercing Wind",5,2022-07-25,,Battle Hardened Toronto
Young,Katsu,5,2022-07-25,,Battle Hardened Toronto
Young,Valda Brightaxe,2,2022-07-25,,Battle Hardened Toronto
Young,Azalea,0,2022-07-25,,Battle Hardened Toronto
Young,Data Doll MKII,0,2022-07-25,,Battle Hardened Toronto
Young,Genis Wotchuneed,0,2022-07-25,,Battle Hardened Toronto
Young,"Kavdaen, Trader of Skins",0,2022-07-25,,Battle Hardened Toronto
Young,"Kayo, Berserker Runt",0,2022-07-25,,Battle Hardened Toronto
Young,"Shiyana, Diamond Gemini",0,2022-07-25,,Battle Hardened Toronto
Young,"Dorinthea, Quicksilver Prodigy",0,2022-07-25,NEW,Battle Hardened Toronto
Young,Dromai,0,2022-07-25,NEW,Battle Hardened Toronto
Young,Fai,0,2022-07-25,NEW,Battle Hardened Toronto
Adult,"Bravo, Star of the Show",1582,2022-08-29,,Conclusion of Pro Tour Lille
Adult,"Chane, Bound by Shadow",1102,2022-08-29,,Conclusion of Pro Tour Lille
Adult,"Prism, Sculptor of Arc Light",1098,2022-08-29,,Conclusion of Pro Tour Lille
Adult,"Briar, Warden of Thorns",842,2022-08-29,,Conclusion of Pro Tour Lille
Adult,"Viserai, Rune Blood",412,2022-08-29,,Conclusion of Pro Tour Lille
Adult,"Katsu, the Wanderer",346,2022-08-29,,Conclusion of Pro Tour Lille
Adult,"Dash, Inventor Extraordinaire",292,2022-08-29,,Conclusion of Pro Tour Lille
Adult,"Bravo, Showstopper",228,2022-08-29,,Conclusion of Pro Tour Lille
Adult,"Oldhim, Grandfather of Eternity",218,2022-08-29,,Conclusion of Pro Tour Lille
Adult,Dorinthea Ironsong,194,2022-08-29,,Conclusion of Pro Tour Lille
Adult,"Fai, Rising Rebellion",188,2022-08-29,,Conclusion of Pro Tour Lille
Adult,"Lexi, Livewire",182,2022-08-29,,Conclusion of Pro Tour Lille
Adult,"Ser Boltyn, Breaker of Dawn",160,2022-08-29,,Conclusion of Pro Tour Lille
Adult,"Rhinar, Reckless Rampage",50,2022-08-29,,Conclusion of Pro Tour Lille
Adult,"Kano, Dracai of Aether",48,2022-08-29,,Conclusion of Pro Tour Lille
Adult,"Iyslander, Stormbind",42,2022-08-29,,Conclusion of Pro Tour Lille
Adult,"Dromai, Ash Artist",32,2022-08-29,,Conclusion of Pro Tour Lille
Adult,"Levia, Shadowborn Abomination",20,2022-08-29,,Conclusion of Pro Tour Lille
Adult,"Azalea, Ace in the Hole",0,2022-08-29,,Conclusion of Pro Tour Lille
Young,Viserai,509,2022-08-29,,Conclusion of Skirmish season 5
Young,Oldhim,452,2022-08-29,,Conclusion of Skirmish season 5
Young,"Ira, Crimson Haze",310,2022-08-29,,Conclusion of Skirmish season 5
Young,Kano,267,2022-08-29,,Conclusion of Skirmish season 5
Young,Iyslander,246,2022-08-29,,Conclusion of Skirmish season 5
Young,"Kassai, Cintari Sellsword",240,2022-08-29,,Conclusion of Skirmish season 5
Young,Dorinthea,239,2022-08-29,,Conclusion of Skirmish season 5
Young,Chane,191,2022-08-29,,Conclusion of Skirmish season 5
Young,Briar,165,2022-08-29,,Conclusion of Skirmish season 5
Young,Dash,119,2022-08-29,,Conclusion of Skirmish season 5
Young,Rhinar,118,2022-08-29,,Conclusion of Skirmish season 5
Young,Bravo,118,2022-08-29,,Conclusion of Skirmish season 5
Young,Fai,60,2022-08-29,,Conclusion of Skirmish season 5
Young,Prism,51,2022-08-29,,Conclusion of Skirmish season 5
Young,Lexi,30,2022-08-29,,Conclusion of Skirmish season 5
Young,Dromai,24,2022-08-29,,Conclusion of Skirmish season 5
Young,Levia,23,2022-08-29,,Conclusion of Skirmish season 5
Young,Boltyn,15,2022-08-29,,Conclusion of Skirmish season 5
Young,"Benji, the Piercing Wind",9,2022-08-29,,Conclusion of Skirmish season 5
Young,Valda Brightaxe,8,2022-08-29,,Conclusion of Skirmish season 5
Young,"Kayo, Berserker Runt",6,2022-08-29,,Conclusion of Skirmish season 5
Young,Katsu,5,2022-08-29,,Conclusion of Skirmish season 5
Young,"Dorinthea, Quicksilver Prodigy",4,2022-08-29,,Conclusion of Skirmish season 5
Young,Azalea,2,2022-08-29,,Conclusion of Skirmish season 5
Young,"Shiyana, Diamond Gemini",2,2022-08-29,,Conclusion of Skirmish season 5
Young,Data Doll MKII,0,2022-08-29,,Conclusion of Skirmish season 5
Young,Genis Wotchuneed,0,2022-08-29,,Conclusion of Skirmish season 5
Young,"Kavdaen, Trader of Skins",0,2022-08-29,,Conclusion of Skirmish season 5
Adult,"Bravo, Star of the Show",1582,2022-11-09,,World Championship / Calling San Jose
Adult,"Chane, Bound by Shadow",1102,2022-11-09,,World Championship / Calling San Jose
Adult,"Prism, Sculptor of Arc Light",1098,2022-11-09,,World Championship / Calling San Jose
Adult,"Briar, Warden of Thorns",922,2022-11-09,,World Championship / Calling San Jose
Adult,"Oldhim, Grandfather of Eternity",498,2022-11-09,,World Championship / Calling San Jose
Adult,"Viserai, Rune Blood",452,2022-11-09,,World Championship / Calling San Jose
Adult,"Iyslander, Stormbind",392,2022-11-09,,World Championship / Calling San Jose
Adult,"Katsu, the Wanderer",346,2022-11-09,,World Championship / Calling San Jose
Adult,"Dash, Inventor Extraordinaire",302,2022-11-09,,World Championship / Calling San Jose
Adult,"Bravo, Showstopper",238,2022-11-09,,World Championship / Calling San Jose
Adult,"Fai, Rising Rebellion",238,2022-11-09,,World Championship / Calling San Jose
Adult,Dorinthea Ironsong,204,2022-11-09,,World Championship / Calling San Jose
Adult,"Lexi, Livewire",202,2022-11-09,,World Championship / Calling San Jose
Adult,"Rhinar, Reckless Rampage",160,2022-11-09,,World Championship / Calling San Jose
Adult,"Ser Boltyn, Breaker of Dawn",160,2022-11-09,,World Championship / Calling San Jose
Adult,"Kano, Dracai of Aether",48,2022-11-09,,World Championship / Calling San Jose
Adult,"Dromai, Ash Artist",42,2022-11-09,,World Championship / Calling San Jose
Adult,"Levia, Shadowborn Abomination",20,2022-11-09,,World Championship / Calling San Jose
Adult,"Azalea, Ace in the Hole",0,2022-11-09,,World Championship / Calling San Jose
Young,Viserai,509,2022-11-09,,World Championship / Battle Hardened San Jose
Young,Oldhim,452,2022-11-09,,World Championship / Battle Hardened San Jose
Young,Iyslander,346,2022-11-09,,World Championship / Battle Hardened San Jose
Young,"Ira, Crimson Haze",310,2022-11-09,,World Championship / Battle Hardened San Jose
Young,Kano,267,2022-11-09,,World Championship / Battle Hardened San Jose
Young,Dorinthea,249,2022-11-09,,World Championship / Battle Hardened San Jose
Young,"Kassai, Cintari Sellsword",240,2022-11-09,,World Championship / Battle Hardened San Jose
Young,Chane,191,2022-11-09,,World Championship / Battle Hardened San Jose
Young,Briar,165,2022-11-09,,World Championship / Battle Hardened San Jose
Young,Dash,119,2022-11-09,,World Championship / Battle Hardened San Jose
Young,Rhinar,118,2022-11-09,,World Championship / Battle Hardened San Jose
Young,Bravo,118,2022-11-09,,World Championship / Battle Hardened San Jose
Young,Prism,61,2022-11-09,,World Championship / Battle Hardened San Jose
Young,Fai,60,2022-11-09,,World Championship / Battle Hardened San Jose
Young,Lexi,30,2022-11-09,,World Championship / Battle Hardened San Jose
Young,Dromai,24,2022-11-09,,World Championship / Battle Hardened San Jose
Young,Levia,23,2022-11-09,,World Championship / Battle Hardened San Jose
Young,Boltyn,15,2022-11-09,,World Championship / Battle Hardened San Jose
Young,"Benji, the Piercing Wind",9,2022-11-09,,World Championship / Battle Hardened San Jose
Young,Valda Brightaxe,8,2022-11-09,,World Championship / Battle Hardened San Jose
Young,"Kayo, Berserker Runt",6,2022-11-09,,World Championship / Battle Hardened San Jose
Young,Katsu,5,2022-11-09,,World Championship / Battle Hardened San Jose
Young,"Dorinthea, Quicksilver Prodigy",4,2022-11-09,,World Championship / Battle Hardened San Jose
Young,Azalea,2,2022-11-09,,World Championship / Battle Hardened San Jose
Young,"Shiyana, Diamond Gemini",2,2022-11-09,,World Championship / Battle Hardened San Jose
Young,Data Doll MKII,0,2022-11-09,,World Championship / Battle Hardened San Jose
Young,Genis Wotchuneed,0,2022-11-09,,World Championship / Battle Hardened San Jose
Young,"Kavdaen, Trader of Skins",0,2022-11-09,,World Championship / Battle Hardened San Jose
Young,Arakni,0,2022-11-09,NEW,World Championship / Battle Hardened San Jose
Young,"Emperor, Dracai of Aesir",0,2022-11-09,NEW,World Championship / Battle Hardened San Jose
Young,"Yoji, Royal Protector",0,2022-11-09,NEW,World Championship / Battle Hardened San Jose
Adult,"Bravo, Star of the Show",1582,2022-11-13,,Battle Hardened Philadelphia
Adult,"Chane, Bound by Shadow",1102,2022-11-13,,Battle Hardened Philadelphia
Adult,"Prism, Sculptor of Arc Light",1098,2022-11-13,,Battle Hardened Philadelphia
Adult,"Briar, Warden of Thorns",922,2022-11-13,,Battle Hardened Philadelphia
Adult,"Oldhim, Grandfather of Eternity",498,2022-11-13,,Battle Hardened Philadelphia
Adult,"Viserai, Rune Blood",452,2022-11-13,,Battle Hardened Philadelphia
Adult,"Iyslander, Stormbind",392,2022-11-13,,Battle Hardened Philadelphia
Adult,"Katsu, the Wanderer",346,2022-11-13,,Battle Hardened Philadelphia
Adult,"Dash, Inventor Extraordinaire",312,2022-11-13,,Battle Hardened Philadelphia
Adult,"Bravo, Showstopper",238,2022-11-13,,Battle Hardened Philadelphia
Adult,"Fai, Rising Rebellion",238,2022-11-13,,Battle Hardened Philadelphia
Adult,Dorinthea Ironsong,204,2022-11-13,,Battle Hardened Philadelphia
Adult,"Lexi, Livewire",202,2022-11-13,,Battle Hardened Philadelphia
Adult,"Rhinar, Reckless Rampage",160,2022-11-13,,Battle Hardened Philadelphia
Adult,"Ser Boltyn, Breaker of Dawn",160,2022-11-13,,Battle Hardened Philadelphia
Adult,"Kano, Dracai of Aether",48,2022-11-13,,Battle Hardened Philadelphia
Adult,"Dromai, Ash Artist",42,2022-11-13,,Battle Hardened Philadelphia
Adult,"Levia, Shadowborn Abomination",20,2022-11-13,,Battle Hardened Philadelphia
Adult,"Azalea, Ace in the Hole",0,2022-11-13,,Battle Hardened Philadelphia
Adult,"Arakni, Huntsman",0,2022-11-13,NEW,Battle Hardened Philadelphia
Adult,"Bravo, Star of the Show",1582,2022-12-12,,Battle Hardened Singapore
Adult,"Chane, Bound by Shadow",1102,2022-12-12,,Battle Hardened Singapore
Adult,"Prism, Sculptor of Arc Light",1098,2022-12-12,,Battle Hardened Singapore
Adult,"Briar, Warden of Thorns",922,2022-12-12,,Battle Hardened Singapore
Adult,"Oldhim, Grandfather of Eternity",498,2022-12-12,,Battle Hardened Singapore
Adult,"Viserai, Rune Blood",452,2022-12-12,,Battle Hardened Singapore
Adult,"Iyslander, Stormbind",392,2022-12-12,,Battle Hardened Singapore
Adult,"Katsu, the Wanderer",346,2022-12-12,,Battle Hardened Singapore
Adult,"Dash, Inventor Extraordinaire",312,2022-12-12,,Battle Hardened Singapore
Adult,"Bravo, Showstopper",238,2022-12-12,,Battle Hardened Singapore
Adult,"Fai, Rising Rebellion",238,2022-12-12,,Battle Hardened Singapore
Adult,"Lexi, Livewire",212,2022-12-12,,Battle Hardened Singapore
Adult,Dorinthea Ironsong,204,2022-12-12,,Battle Hardened Singapore
Adult,"Rhinar, Reckless Rampage",160,2022-12-12,,Battle Hardened Singapore
Adult,"Ser Boltyn, Breaker of Dawn",160,2022-12-12,,Battle Hardened Singapore
Adult,"Kano, Dracai of Aether",48,2022-12-12,,Battle Hardened Singapore
Adult,"Dromai, Ash Artist",42,2022-12-12,,Battle Hardened Singapore
Adult,"Levia, Shadowborn Abomination",20,2022-12-12,,Battle Hardened Singapore
Adult,"Azalea, Ace in the Hole",0,2022-12-12,,Battle Hardened Singapore
Adult,"Arakni, Huntsman",0,2022-12-12,NEW,Battle Hardened Singapore
Adult,"Bravo, Star of the Show",1582,2023-03-06,,Battle Hardened Charlotte
Adult,"Chane, Bound by Shadow",1102,2023-03-06,,Battle Hardened Charlotte
Adult,"Prism, Sculptor of Arc Light",1098,2023-03-06,,Battle Hardened Charlotte
Adult,"Briar, Warden of Thorns",964,2023-03-06,,Battle Hardened Charlotte
Adult,"Oldhim, Grandfather of Eternity",678,2023-03-06,,Battle Hardened Charlotte
Adult,"Iyslander, Stormbind",614,2023-03-06,,Battle Hardened Charlotte
Adult,"Dash, Inventor Extraordinaire",472,2023-03-06,,Battle Hardened Charlotte
Adult,"Viserai, Rune Blood",468,2023-03-06,,Battle Hardened Charlotte
Adult,"Fai, Rising Rebellion",364,2023-03-06,,Battle Hardened Charlotte
Adult,"Katsu, the Wanderer",348,2023-03-06,,Battle Hardened Charlotte
Adult,"Bravo, Showstopper",278,2023-03-06,,Battle Hardened Charlotte
Adult,Dorinthea Ironsong,244,2023-03-06,,Battle Hardened Charlotte
Adult,"Lexi, Livewire",238,2023-03-06,,Battle Hardened Charlotte
Adult,"Rhinar, Reckless Rampage",192,2023-03-06,,Battle Hardened Charlotte
Adult,"Ser Boltyn, Breaker of Dawn",168,2023-03-06,,Battle Hardened Charlotte
Adult,"Dromai, Ash Artist",84,2023-03-06,,Battle Hardened Charlotte
Adult,"Kano, Dracai of Aether",54,2023-03-06,,Battle Hardened Charlotte
Adult,"Levia, Shadowborn Abomination",20,2023-03-06,,Battle Hardened Charlotte
Adult,"Arakni, Huntsman",4,2023-03-06,,Battle Hardened Charlotte
Adult,"Azalea, Ace in the Hole",0,2023-03-06,,Battle Hardened Charlotte
Adult,"Riptide, Lurker of the Deep",0,2023-03-06,NEW,Battle Hardened Charlotte
Adult,"Uzuri, Switchblade",0,2023-03-06,NEW,Battle Hardened Charlotte
Young,Viserai,509,2023-02-26,,Battle Hardened Auckland
Young,Oldhim,452,2023-02-26,,Battle Hardened Auckland
Young,Iyslander,346,2023-02-26,,Battle Hardened Auckland
Young,"Ira, Crimson Haze",310,2023-02-26,,Battle Hardened Auckland
Young,Kano,287,2023-02-26,,Battle Hardened Auckland
Young,Dorinthea,249,2023-02-26,,Battle Hardened Auckland
Young,"Kassai, Cintari Sellsword",240,2023-02-26,,Battle Hardened Auckland
Young,Chane,191,2023-02-26,,Battle Hardened Auckland
Young,Briar,165,2023-02-26,,Battle Hardened Auckland
Young,Dash,119,2023-02-26,,Battle Hardened Auckland
Young,Rhinar,118,2023-02-26,,Battle Hardened Auckland
Young,Bravo,118,2023-02-26,,Battle Hardened Auckland
Young,Prism,61,2023-02-26,,Battle Hardened Auckland
Young,Fai,60,2023-02-26,,Battle Hardened Auckland
Young,Lexi,30,2023-02-26,,Battle Hardened Auckland
Young,Dromai,24,2023-02-26,,Battle Hardened Auckland
Young,Levia,23,2023-02-26,,Battle Hardened Auckland
Young,Boltyn,15,2023-02-26,,Battle Hardened Auckland
Young,"Benji, the Piercing Wind",9,2023-02-26,,Battle Hardened Auckland
Young,Valda Brightaxe,8,2023-02-26,,Battle Hardened Auckland
Young,"Kayo, Berserker Runt",6,2023-02-26,,Battle Hardened Auckland
Young,Katsu,5,2023-02-26,,Battle Hardened Auckland
Young,"Dorinthea, Quicksilver Prodigy",4,2023-02-26,,Battle Hardened Auckland
Young,Azalea,2,2023-02-26,,Battle Hardened Auckland
Young,"Shiyana, Diamond Gemini",2,2023-02-26,,Battle Hardened Auckland
Young,Arakni,0,2023-02-26,,Battle Hardened Auckland
Young,Data Doll MKII,0,2023-02-26,,Battle Hardened Auckland
Young,"Emperor, Dracai of Aesir",0,2023-02-26,,Battle Hardened Auckland
Young,Genis Wotchuneed,0,2023-02-26,,Battle Hardened Auckland
Young,"Kavdaen, Trader of Skins",0,2023-02-26,,Battle Hardened Auckland
Young,"Yoji, Royal Protector",0,2023-02-26,,Battle Hardened Auckland
Young,"Arakni, Solitary Confinement",0,2023-02-26,NEW,Battle Hardened Auckland
Young,Riptide,0,2023-02-26,NEW,Battle Hardened Auckland
Young,Uzuri,0,2023-02-26,NEW,Battle Hardened Auckland
Adult,"Bravo, Star of the Show",1582,2023-05-22,,"Calling Antwerp, Road to Nationals wk 2"
Adult,"Chane, Bound by Shadow",1102,2023-05-22,,"Calling Antwerp, Road to Nationals wk 2"
Adult,"Prism, Sculptor of Arc Light",1098,2023-05-22,,"Calling Antwerp, Road to Nationals wk 2"
Adult,"Oldhim, Grandfather of Eternity",1018,2023-05-22,,"Calling Antwerp, Road to Nationals wk 2"
Adult,"Briar, Warden of Thorns",970,2023-05-22,,"Calling Antwerp, Road to Nationals wk 2"
Adult,"Iyslander, Stormbind",624,2023-05-22,,"Calling Antwerp, Road to Nationals wk 2"
Adult,"Dash, Inventor Extraordinaire",578,2023-05-22,,"Calling Antwerp, Road to Nationals wk 2"
Adult,"Viserai, Rune Blood",472,2023-05-22,,"Calling Antwerp, Road to Nationals wk 2"
Adult,"Fai, Rising Rebellion",380,2023-05-22,,"Calling Antwerp, Road to Nationals wk 2"
Adult,"Katsu, the Wanderer",354,2023-05-22,,"Calling Antwerp, Road to Nationals wk 2"
Adult,"Lexi, Livewire",296,2023-05-22,,"Calling Antwerp, Road to Nationals wk 2"
Adult,"Bravo, Showstopper",288,2023-05-22,,"Calling Antwerp, Road to Nationals wk 2"
Adult,Dorinthea Ironsong,250,2023-05-22,,"Calling Antwerp, Road to Nationals wk 2"
Adult,"Rhinar, Reckless Rampage",192,2023-05-22,,"Calling Antwerp, Road to Nationals wk 2"
Adult,"Ser Boltyn, Breaker of Dawn",168,2023-05-22,,"Calling Antwerp, Road to Nationals wk 2"
Adult,"Dromai, Ash Artist",102,2023-05-22,,"Calling Antwerp, Road to Nationals wk 2"
Adult,"Kano, Dracai of Aether",56,2023-05-22,,"Calling Antwerp, Road to Nationals wk 2"
Adult,"Levia, Shadowborn Abomination",20,2023-05-22,,"Calling Antwerp, Road to Nationals wk 2"
Adult,"Uzuri, Switchblade",14,2023-05-22,,"Calling Antwerp, Road to Nationals wk 2"
Adult,"Azalea, Ace in the Hole",10,2023-05-22,,"Calling Antwerp, Road to Nationals wk 2"
Adult,"Arakni, Huntsman",4,2023-05-22,,"Calling Antwerp, Road to Nationals wk 2"
Adult,"Riptide, Lurker of the Deep",0,2023-05-22,,"Calling Antwerp, Road to Nationals wk 2"
Young,Iyslander,564,2023-05-01,,Battle Hardened Baltimore
Young,Oldhim,522,2023-05-01,,Battle Hardened Baltimore
Young,Viserai,509,2023-05-01,,Battle Hardened Baltimore
Young,Kano,337,2023-05-01,,Battle Hardened Baltimore
Young,"Ira, Crimson Haze",320,2023-05-01,,Battle Hardened Baltimore
Young,"Kassai, Cintari Sellsword",280,2023-05-01,,Battle Hardened Baltimore
Young,Dorinthea,271,2023-05-01,,Battle Hardened Baltimore
Young,Chane,243,2023-05-01,,Battle Hardened Baltimore
Young,Briar,183,2023-05-01,,Battle Hardened Baltimore
Young,Dash,171,2023-05-01,,Battle Hardened Baltimore
Young,Rhinar,152,2023-05-01,,Battle Hardened Baltimore
Young,Bravo,150,2023-05-01,,Battle Hardened Baltimore
Young,Prism,105,2023-05-01,,Battle Hardened Baltimore
Young,Fai,64,2023-05-01,,Battle Hardened Baltimore
Young,Lexi,42,2023-05-01,,Battle Hardened Baltimore
Young,Dromai,26,2023-05-01,,Battle Hardened Baltimore
Young,Levia,25,2023-05-01,,Battle Hardened Baltimore
Young,Uzuri,18,2023-05-01,,Battle Hardened Baltimore
Young,Boltyn,15,2023-05-01,,Battle Hardened Baltimore
Young,"Kayo, Berserker Runt",12,2023-05-01,,Battle Hardened Baltimore
Young,"Benji, the Piercing Wind",11,2023-05-01,,Battle Hardened Baltimore
Young,Riptide,10,2023-05-01,,Battle Hardened Baltimore
Young,"Dorinthea, Quicksilver Prodigy",10,2023-05-01,,Battle Hardened Baltimore
Young,Azalea,8,2023-05-01,,Battle Hardened Baltimore
Young,Valda Brightaxe,8,2023-05-01,,Battle Hardened Baltimore
Young,"Yoji, Royal Protector",8,2023-05-01,,Battle Hardened Baltimore
Young,Katsu,7,2023-05-01,,Battle Hardened Baltimore
Young,"Arakni, Solitary Confinement",2,2023-05-01,,Battle Hardened Baltimore
Young,Data Doll MKII,2,2023-05-01,,Battle Hardened Baltimore
Young,"Emperor, Dracai of Aesir",2,2023-05-01,,Battle Hardened Baltimore
Young,"Shiyana, Diamond Gemini",2,2023-05-01,,Battle Hardened Baltimore
Young,Arakni,0,2023-05-01,,Battle Hardened Baltimore
Young,Genis Wotchuneed,0,2023-05-01,,Battle Hardened Baltimore
Young,"Kavdaen, Trader of Skins",0,2023-05-01,,Battle Hardened Baltimore
Adult,"Bravo, Star of the Show",1582,2023-05-31,,Road to Nationals wk3
Adult,"Chane, Bound by Shadow",1102,2023-05-31,,Road to Nationals wk3
Adult,"Prism, Sculptor of Arc Light",1098,2023-05-31,,Road to Nationals wk3
Adult,"Oldhim, Grandfather of Eternity",1052,2023-05-31,,Road to Nationals wk3
Adult,"Briar, Warden of Thorns",982,2023-05-31,,Road to Nationals wk3
Adult,"Iyslander, Stormbind",630,2023-05-31,,Road to Nationals wk3
Adult,"Dash, Inventor Extraordinaire",588,2023-05-31,,Road to Nationals wk3
Adult,"Viserai, Rune Blood",482,2023-05-31,,Road to Nationals wk3
Adult,"Fai, Rising Rebellion",386,2023-05-31,,Road to Nationals wk3
Adult,"Katsu, the Wanderer",370,2023-05-31,,Road to Nationals wk3
Adult,"Lexi, Livewire",348,2023-05-31,,Road to Nationals wk3
Adult,"Bravo, Showstopper",298,2023-05-31,,Road to Nationals wk3
Adult,Dorinthea Ironsong,254,2023-05-31,,Road to Nationals wk3
Adult,"Rhinar, Reckless Rampage",192,2023-05-31,,Road to Nationals wk3
Adult,"Ser Boltyn, Breaker of Dawn",168,2023-05-31,,Road to Nationals wk3
Adult,"Dromai, Ash Artist",114,2023-05-31,,Road to Nationals wk3
Adult,"Kano, Dracai of Aether",64,2023-05-31,,Road to Nationals wk3
Adult,"Azalea, Ace in the Hole",24,2023-05-31,,Road to Nationals wk3
Adult,"Uzuri, Switchblade",24,2023-05-31,,Road to Nationals wk3
Adult,"Levia, Shadowborn Abomination",20,2023-05-31,,Road to Nationals wk3
Adult,"Arakni, Huntsman",10,2023-05-31,,Road to Nationals wk3
Adult,"Riptide, Lurker of the Deep",2,2023-05-31,,Road to Nationals wk3
Adult,"Bravo, Star of the Show",1582,2023-06-26,,Battle Hardened Los Angeles
Adult,"Chane, Bound by Shadow",1102,2023-06-26,,Battle Hardened Los Angeles
Adult,"Prism, Sculptor of Arc Light",1098,2023-06-26,,Battle Hardened Los Angeles
Adult,"Oldhim, Grandfather of Eternity",1186,2023-06-26,,Battle Hardened Los Angeles
Adult,"Briar, Warden of Thorns",998,2023-06-26,,Battle Hardened Los Angeles
Adult,"Iyslander, Stormbind",642,2023-06-26,,Battle Hardened Los Angeles
Adult,"Dash, Inventor Extraordinaire",594,2023-06-26,,Battle Hardened Los Angeles
Adult,"Viserai, Rune Blood",490,2023-06-26,,Battle Hardened Los Angeles
Adult,"Lexi, Livewire",400,2023-06-26,,Battle Hardened Los Angeles
Adult,"Fai, Rising Rebellion",392,2023-06-26,,Battle Hardened Los Angeles
Adult,"Katsu, the Wanderer",378,2023-06-26,,Battle Hardened Los Angeles
Adult,"Bravo, Showstopper",304,2023-06-26,,Battle Hardened Los Angeles
Adult,Dorinthea Ironsong,264,2023-06-26,,Battle Hardened Los Angeles
Adult,"Rhinar, Reckless Rampage",194,2023-06-26,,Battle Hardened Los Angeles
Adult,"Ser Boltyn, Breaker of Dawn",168,2023-06-26,,Battle Hardened Los Angeles
Adult,"Dromai, Ash Artist",126,2023-06-26,,Battle Hardened Los Angeles
Adult,"Kano, Dracai of Aether",70,2023-06-26,,Battle Hardened Los Angeles
Adult,"Uzuri, Switchblade",40,2023-06-26,,Battle Hardened Los Angeles
Adult,"Azalea, Ace in the Hole",36,2023-06-26,,Battle Hardened Los Angeles
Adult,"Levia, Shadowborn Abomination",20,2023-06-26,,Battle Hardened Los Angeles
Adult,"Arakni, Huntsman",10,2023-06-26,,Battle Hardened Los Angeles
Adult,"Riptide, Lurker of the Deep",2,2023-06-26,,Battle Hardened Los Angeles
Young,Iyslander,564,2023-06-12,,Battle Hardened Singapore
Young,Oldhim,522,2023-06-12,,Battle Hardened Singapore
Young,Viserai,509,2023-06-12,,Battle Hardened Singapore
Young,Kano,337,2023-06-12,,Battle Hardened Singapore
Young,"Ira, Crimson Haze",320,2023-06-12,,Battle Hardened Singapore
Young,"Kassai, Cintari Sellsword",280,2023-06-12,,Battle Hardened Singapore
Young,Dorinthea,271,2023-06-12,,Battle Hardened Singapore
Young,Chane,253,2023-06-12,,Battle Hardened Singapore
Young,Briar,183,2023-06-12,,Battle Hardened Singapore
Young,Dash,171,2023-06-12,,Battle Hardened Singapore
Young,Rhinar,152,2023-06-12,,Battle Hardened Singapore
Young,Bravo,150,2023-06-12,,Battle Hardened Singapore
Young,Prism,105,2023-06-12,,Battle Hardened Singapore
Young,Fai,64,2023-06-12,,Battle Hardened Singapore
Young,Lexi,42,2023-06-12,,Battle Hardened Singapore
Young,Dromai,26,2023-06-12,,Battle Hardened Singapore
Young,Levia,25,2023-06-12,,Battle Hardened Singapore
Young,Uzuri,18,2023-06-12,,Battle Hardened Singapore
Young,Boltyn,15,2023-06-12,,Battle Hardened Singapore
Young,"Kayo, Berserker Runt",12,2023-06-12,,Battle Hardened Singapore
Young,"Benji, the Piercing Wind",11,2023-06-12,,Battle Hardened Singapore
Young,Riptide,10,2023-06-12,,Battle Hardened Singapore
Young,"Dorinthea, Quicksilver Prodigy",10,2023-06-12,,Battle Hardened Singapore
Young,Azalea,8,2023-06-12,,Battle Hardened Singapore
Young,Valda Brightaxe,8,2023-06-12,,Battle Hardened Singapore
Young,"Yoji, Royal Protector",8,2023-06-12,,Battle Hardened Singapore
Young,Katsu,7,2023-06-12,,Battle Hardened Singapore
Young,"Arakni, Solitary Confinement",2,2023-06-12,,Battle Hardened Singapore
Young,Data Doll MKII,2,2023-06-12,,Battle Hardened Singapore
Young,"Emperor, Dracai of Aesir",2,2023-06-12,,Battle Hardened Singapore
Young,"Shiyana, Diamond Gemini",2,2023-06-12,,Battle Hardened Singapore
Young,Arakni,0,2023-06-12,,Battle Hardened Singapore
Young,Genis Wotchuneed,0,2023-06-12,,Battle Hardened Singapore
Young,"Kavdaen, Trader of Skins",0,2023-06-12,,Battle Hardened Singapore
Adult,"Bravo, Star of the Show",1582,2023-07-30,,Calling Birmingham
Adult,"Chane, Bound by Shadow",1102,2023-07-30,,Calling Birmingham
Adult,"Oldhim, Grandfather of Eternity",1186,2023-07-30,,Calling Birmingham
Adult,"Prism, Sculptor of Arc Light",1098,2023-07-30,,Calling Birmingham
Adult,"Briar, Warden of Thorns",998,2023-07-30,,Calling Birmingham
Adult,"Iyslander, Stormbind",762,2023-07-30,,Calling Birmingham
Adult,"Dash, Inventor Extraordinaire",594,2023-07-30,,Calling Birmingham
Adult,"Viserai, Rune Blood",490,2023-07-30,,Calling Birmingham
Adult,"Lexi, Livewire",400,2023-07-30,,Calling Birmingham
Adult,"Fai, Rising Rebellion",392,2023-07-30,,Calling Birmingham
Adult,"Katsu, the Wanderer",378,2023-07-30,,Calling Birmingham
Adult,"Bravo, Showstopper",304,2023-07-30,,Calling Birmingham
Adult,Dorinthea Ironsong,264,2023-07-30,,Calling Birmingham
Adult,"Rhinar, Reckless Rampage",194,2023-07-30,,Calling Birmingham
Adult,"Ser Boltyn, Breaker of Dawn",168,2023-07-30,,Calling Birmingham
Adult,"Dromai, Ash Artist",126,2023-07-30,,Calling Birmingham
Adult,"Kano, Dracai of Aether",70,2023-07-30,,Calling Birmingham
Adult,"Uzuri, Switchblade",40,2023-07-30,,Calling Birmingham
Adult,"Azalea, Ace in the Hole",36,2023-07-30,,Calling Birmingham
Adult,"Levia, Shadowborn Abomination",20,2023-07-30,,Calling Birmingham
Adult,"Arakni, Huntsman",10,2023-07-30,,Calling Birmingham
Adult,"Riptide, Lurker of the Deep",2,2023-07-30,,Calling Birmingham
Adult,"Prism, Awakener of Sol",0,2023-07-30,NEW,Calling Birmingham
Adult,"Vynnset, Iron Maiden",0,2023-07-30,NEW,Calling Birmingham
Young,Iyslander,564,2023-08-08,,"Skirmish wk2, Battle Hardened Salt Lake City"
Young,Oldhim,522,2023-08-08,,"Skirmish wk2, Battle Hardened Salt Lake City"
Young,Viserai,509,2023-08-08,,"Skirmish wk2, Battle Hardened Salt Lake City"
Young,Kano,369,2023-08-08,,"Skirmish wk2, Battle Hardened Salt Lake City"
Young,"Ira, Crimson Haze",358,2023-08-08,,"Skirmish wk2, Battle Hardened Salt Lake City"
Young,"Kassai, Cintari Sellsword",328,2023-08-08,,"Skirmish wk2, Battle Hardened Salt Lake City"
Young,Chane,299,2023-08-08,,"Skirmish wk2, Battle Hardened Salt Lake City"
Young,Dorinthea,281,2023-08-08,,"Skirmish wk2, Battle Hardened Salt Lake City"
Young,Dash,201,2023-08-08,,"Skirmish wk2, Battle Hardened Salt Lake City"
Young,Briar,198,2023-08-08,,"Skirmish wk2, Battle Hardened Salt Lake City"
Young,Bravo,170,2023-08-08,,"Skirmish wk2, Battle Hardened Salt Lake City"
Young,Rhinar,168,2023-08-08,,"Skirmish wk2, Battle Hardened Salt Lake City"
Young,Prism,120,2023-08-08,,"Skirmish wk2, Battle Hardened Salt Lake City"
Young,Fai,68,2023-08-08,,"Skirmish wk2, Battle Hardened Salt Lake City"
Young,Lexi,45,2023-08-08,,"Skirmish wk2, Battle Hardened Salt Lake City"
Young,Levia,37,2023-08-08,,"Skirmish wk2, Battle Hardened Salt Lake City"
Young,Dromai,29,2023-08-08,,"Skirmish wk2, Battle Hardened Salt Lake City"
Young,Uzuri,19,2023-08-08,,"Skirmish wk2, Battle Hardened Salt Lake City"
Young,Boltyn,17,2023-08-08,,"Skirmish wk2, Battle Hardened Salt Lake City"
Young,Azalea,16,2023-08-08,,"Skirmish wk2, Battle Hardened Salt Lake City"
Young,Vynnset,16,2023-08-08,,"Skirmish wk2, Battle Hardened Salt Lake City"
Young,"Kayo, Berserker Runt",14,2023-08-08,,"Skirmish wk2, Battle Hardened Salt Lake City"
Young,"Yoji, Royal Protector",14,2023-08-08,,"Skirmish wk2, Battle Hardened Salt Lake City"
Young,Riptide,13,2023-08-08,,"Skirmish wk2, Battle Hardened Salt Lake City"
Young,"Benji, the Piercing Wind",11,2023-08-08,,"Skirmish wk2, Battle Hardened Salt Lake City"
Young,"Dorinthea, Quicksilver Prodigy",11,2023-08-08,,"Skirmish wk2, Battle Hardened Salt Lake City"
Young,"Prism, Advent of Thrones",10,2023-08-08,,"Skirmish wk2, Battle Hardened Salt Lake City"
Young,Valda Brightaxe,8,2023-08-08,,"Skirmish wk2, Battle Hardened Salt Lake City"
Young,Katsu,7,2023-08-08,,"Skirmish wk2, Battle Hardened Salt Lake City"
Young,"Emperor, Dracai of Aesir",6,2023-08-08,,"Skirmish wk2, Battle Hardened Salt Lake City"
Young,"Arakni, Solitary Confinement",5,2023-08-08,,"Skirmish wk2, Battle Hardened Salt Lake City"
Young,Data Doll MKII,2,2023-08-08,,"Skirmish wk2, Battle Hardened Salt Lake City"
Young,"Shiyana, Diamond Gemini",2,2023-08-08,,"Skirmish wk2, Battle Hardened Salt Lake City"
Young,"Kavdaen, Trader of Skins",1,2023-08-08,,"Skirmish wk2, Battle Hardened Salt Lake City"
Young,Arakni,0,2023-08-08,,"Skirmish wk2, Battle Hardened Salt Lake City"
Young,Genis Wotchuneed,0,2023-08-08,,"Skirmish wk2, Battle Hardened Salt Lake City"
Adult,"Bravo, Star of the Show",1582,2023-10-10,,"Battle Hardened Toulouse & Milwaukee, PTI Tokyo"
Adult,"Briar, Warden of Thorns",1158,2023-10-10,,"Battle Hardened Toulouse & Milwaukee, PTI Tokyo"
Adult,"Chane, Bound by Shadow",1102,2023-10-10,,"Battle Hardened Toulouse & Milwaukee, PTI Tokyo"
Adult,"Oldhim, Grandfather of Eternity",1186,2023-10-10,,"Battle Hardened Toulouse & Milwaukee, PTI Tokyo"
Adult,"Prism, Sculptor of Arc Light",1098,2023-10-10,,"Battle Hardened Toulouse & Milwaukee, PTI Tokyo"
Adult,"Lexi, Livewire",958,2023-10-10,,"Battle Hardened Toulouse & Milwaukee, PTI Tokyo"
Adult,"Iyslander, Stormbind",844,2023-10-10,,"Battle Hardened Toulouse & Milwaukee, PTI Tokyo"
Adult,"Dash, Inventor Extraordinaire",646,2023-10-10,,"Battle Hardened Toulouse & Milwaukee, PTI Tokyo"
Adult,"Viserai, Rune Blood",500,2023-10-10,,"Battle Hardened Toulouse & Milwaukee, PTI Tokyo"
Adult,"Fai, Rising Rebellion",392,2023-10-10,,"Battle Hardened Toulouse & Milwaukee, PTI Tokyo"
Adult,"Katsu, the Wanderer",390,2023-10-10,,"Battle Hardened Toulouse & Milwaukee, PTI Tokyo"
Adult,"Bravo, Showstopper",328,2023-10-10,,"Battle Hardened Toulouse & Milwaukee, PTI Tokyo"
Adult,Dorinthea Ironsong,304,2023-10-10,,"Battle Hardened Toulouse & Milwaukee, PTI Tokyo"
Adult,"Dromai, Ash Artist",240,2023-10-10,,"Battle Hardened Toulouse & Milwaukee, PTI Tokyo"
Adult,"Ser Boltyn, Breaker of Dawn",218,2023-10-10,,"Battle Hardened Toulouse & Milwaukee, PTI Tokyo"
Adult,"Rhinar, Reckless Rampage",206,2023-10-10,,"Battle Hardened Toulouse & Milwaukee, PTI Tokyo"
Adult,"Kano, Dracai of Aether",122,2023-10-10,,"Battle Hardened Toulouse & Milwaukee, PTI Tokyo"
Adult,"Uzuri, Switchblade",64,2023-10-10,,"Battle Hardened Toulouse & Milwaukee, PTI Tokyo"
Adult,"Azalea, Ace in the Hole",36,2023-10-10,,"Battle Hardened Toulouse & Milwaukee, PTI Tokyo"
Adult,"Levia, Shadowborn Abomination",20,2023-10-10,,"Battle Hardened Toulouse & Milwaukee, PTI Tokyo"
Adult,"Arakni, Huntsman",10,2023-10-10,,"Battle Hardened Toulouse & Milwaukee, PTI Tokyo"
Adult,"Riptide, Lurker of the Deep",2,2023-10-10,,"Battle Hardened Toulouse & Milwaukee, PTI Tokyo"
Adult,"Prism, Awakener of Sol",0,2023-10-10,,"Battle Hardened Toulouse & Milwaukee, PTI Tokyo"
Adult,"Vynnset, Iron Maiden",0,2023-10-10,,"Battle Hardened Toulouse & Milwaukee, PTI Tokyo"
Adult,Dash I/O,0,2023-10-10,NEW,"Battle Hardened Toulouse & Milwaukee, PTI Tokyo"
Adult,Maxx 'The Hype' Nitro,0,2023-10-10,NEW,"Battle Hardened Toulouse & Milwaukee, PTI Tokyo"
Adult,"Teklovossen, Esteemed Magnate",0,2023-10-10,NEW,"Battle Hardened Toulouse & Milwaukee, PTI Tokyo"
Young,Iyslander,564,2023-10-09,,Battle Hardened Tokyo
Young,Oldhim,522,2023-10-09,,Battle Hardened Tokyo
Young,Viserai,509,2023-10-09,,Battle Hardened Tokyo
Young,Kano,415,2023-10-09,,Battle Hardened Tokyo
Young,Chane,386,2023-10-09,,Battle Hardened Tokyo
Young,"Ira, Crimson Haze",377,2023-10-09,,Battle Hardened Tokyo
Young,"Kassai, Cintari Sellsword",361,2023-10-09,,Battle Hardened Tokyo
Young,Dorinthea,290,2023-10-09,,Battle Hardened Tokyo
Young,Dash,231,2023-10-09,,Battle Hardened Tokyo
Young,Briar,206,2023-10-09,,Battle Hardened Tokyo
Young,Bravo,184,2023-10-09,,Battle Hardened Tokyo
Young,Rhinar,177,2023-10-09,,Battle Hardened Tokyo
Young,Prism,126,2023-10-09,,Battle Hardened Tokyo
Young,Fai,71,2023-10-09,,Battle Hardened Tokyo
Young,Lexi,47,2023-10-09,,Battle Hardened Tokyo
Young,Levia,37,2023-10-09,,Battle Hardened Tokyo
Young,Dromai,32,2023-10-09,,Battle Hardened Tokyo
Young,"Yoji, Royal Protector",27,2023-10-09,,Battle Hardened Tokyo
Young,Vynnset,23,2023-10-09,,Battle Hardened Tokyo
Young,Boltyn,19,2023-10-09,,Battle Hardened Tokyo
Young,Uzuri,19,2023-10-09,,Battle Hardened Tokyo
Young,Azalea,18,2023-10-09,,Battle Hardened Tokyo
Young,Riptide,16,2023-10-09,,Battle Hardened Tokyo
Young,"Kayo, Berserker Runt",15,2023-10-09,,Battle Hardened Tokyo
Young,"Prism, Advent of Thrones",14,2023-10-09,,Battle Hardened Tokyo
Young,"Benji, the Piercing Wind",12,2023-10-09,,Battle Hardened Tokyo
Young,"Dorinthea, Quicksilver Prodigy",11,2023-10-09,,Battle Hardened Tokyo
Young,Valda Brightaxe,10,2023-10-09,,Battle Hardened Tokyo
Young,"Emperor, Dracai of Aesir",7,2023-10-09,,Battle Hardened Tokyo
Young,Katsu,7,2023-10-09,,Battle Hardened Tokyo
Young,"Arakni, Solitary Confinement",5,2023-10-09,,Battle Hardened Tokyo
Young,Data Doll MKII,2,2023-10-09,,Battle Hardened Tokyo
Young,"Shiyana, Diamond Gemini",2,2023-10-09,,Battle Hardened Tokyo
Young,"Kavdaen, Trader of Skins",1,2023-10-09,,Battle Hardened Tokyo
Young,Arakni,0,2023-10-09,,Battle Hardened Tokyo
Young,Genis Wotchuneed,0,2023-10-09,,Battle Hardened Tokyo
Young,"Dash, Database",0,2023-10-09,NEW,Battle Hardened Tokyo
Young,Maxx Nitro,0,2023-10-09,NEW,Battle Hardened Tokyo
Young,Teklovossen,0,2023-10-09,NEW,Battle Hardened Tokyo
Young,"Brevant, Civic Protector",0,2023-10-09,NEW,Battle Hardened Tokyo
Young,"Melody, Sing-along",0,2023-10-09,NEW,Battle Hardened Tokyo
Young,Professor Teklovossen,0,2023-10-09,NEW,Battle Hardened Tokyo
Adult,"Bravo, Star of the Show",1582,2023-10-23,,"Calling Dallas-Fort Worth, Pro Quest wk1"
Adult,"Briar, Warden of Thorns",1158,2023-10-23,,"Calling Dallas-Fort Worth, Pro Quest wk1"
Adult,"Chane, Bound by Shadow",1102,2023-10-23,,"Calling Dallas-Fort Worth, Pro Quest wk1"
Adult,"Oldhim, Grandfather of Eternity",1186,2023-10-23,,"Calling Dallas-Fort Worth, Pro Quest wk1"
Adult,"Prism, Sculptor of Arc Light",1098,2023-10-23,,"Calling Dallas-Fort Worth, Pro Quest wk1"
Adult,"Lexi, Livewire",1046,2023-10-23,,"Calling Dallas-Fort Worth, Pro Quest wk1"
Adult,"Iyslander, Stormbind",872,2023-10-23,,"Calling Dallas-Fort Worth, Pro Quest wk1"
Adult,"Dash, Inventor Extraordinaire",674,2023-10-23,,"Calling Dallas-Fort Worth, Pro Quest wk1"
Adult,"Viserai, Rune Blood",500,2023-10-23,,"Calling Dallas-Fort Worth, Pro Quest wk1"
Adult,"Dromai, Ash Artist",416,2023-10-23,,"Calling Dallas-Fort Worth, Pro Quest wk1"
Adult,"Katsu, the Wanderer",412,2023-10-23,,"Calling Dallas-Fort Worth, Pro Quest wk1"
Adult,"Fai, Rising Rebellion",400,2023-10-23,,"Calling Dallas-Fort Worth, Pro Quest wk1"
Adult,"Bravo, Showstopper",360,2023-10-23,,"Calling Dallas-Fort Worth, Pro Quest wk1"
Adult,Dorinthea Ironsong,324,2023-10-23,,"Calling Dallas-Fort Worth, Pro Quest wk1"
Adult,"Ser Boltyn, Breaker of Dawn",218,2023-10-23,,"Calling Dallas-Fort Worth, Pro Quest wk1"
Adult,"Rhinar, Reckless Rampage",206,2023-10-23,,"Calling Dallas-Fort Worth, Pro Quest wk1"
Adult,"Azalea, Ace in the Hole",148,2023-10-23,,"Calling Dallas-Fort Worth, Pro Quest wk1"
Adult,"Kano, Dracai of Aether",122,2023-10-23,,"Calling Dallas-Fort Worth, Pro Quest wk1"
Adult,"Uzuri, Switchblade",80,2023-10-23,,"Calling Dallas-Fort Worth, Pro Quest wk1"
Adult,"Levia, Shadowborn Abomination",20,2023-10-23,,"Calling Dallas-Fort Worth, Pro Quest wk1"
Adult,"Arakni, Huntsman",10,2023-10-23,,"Calling Dallas-Fort Worth, Pro Quest wk1"
Adult,"Riptide, Lurker of the Deep",2,2023-10-23,,"Calling Dallas-Fort Worth, Pro Quest wk1"
Adult,"Prism, Awakener of Sol",0,2023-10-23,,"Calling Dallas-Fort Worth, Pro Quest wk1"
Adult,"Vynnset, Iron Maiden",0,2023-10-23,,"Calling Dallas-Fort Worth, Pro Quest wk1"
Adult,Dash I/O,0,2023-10-23,NEW,"Calling Dallas-Fort Worth, Pro Quest wk1"
Adult,Maxx 'The Hype' Nitro,0,2023-10-23,NEW,"Calling Dallas-Fort Worth, Pro Quest wk1"
Adult,"Teklovossen, Esteemed Magnate",0,2023-10-23,NEW,"Calling Dallas-Fort Worth, Pro Quest wk1"
Adult,"Bravo, Star of the Show",1582,2023-11-06,,"Pro Quest wk3, Calling Melbourne, Battle Hardened Vancouver, PTI Lucca"
Adult,"Briar, Warden of Thorns",1158,2023-11-06,,"Pro Quest wk3, Calling Melbourne, Battle Hardened Vancouver, PTI Lucca"
Adult,"Chane, Bound by Shadow",1102,2023-11-06,,"Pro Quest wk3, Calling Melbourne, Battle Hardened Vancouver, PTI Lucca"
Adult,"Lexi, Livewire",1276,2023-11-06,,"Pro Quest wk3, Calling Melbourne, Battle Hardened Vancouver, PTI Lucca"
Adult,"Oldhim, Grandfather of Eternity",1186,2023-11-06,,"Pro Quest wk3, Calling Melbourne, Battle Hardened Vancouver, PTI Lucca"
Adult,"Prism, Sculptor of Arc Light",1098,2023-11-06,,"Pro Quest wk3, Calling Melbourne, Battle Hardened Vancouver, PTI Lucca"
Adult,"Iyslander, Stormbind",932,2023-11-06,,"Pro Quest wk3, Calling Melbourne, Battle Hardened Vancouver, PTI Lucca"
Adult,"Dash, Inventor Extraordinaire",698,2023-11-06,,"Pro Quest wk3, Calling Melbourne, Battle Hardened Vancouver, PTI Lucca"
Adult,"Dromai, Ash Artist",568,2023-11-06,,"Pro Quest wk3, Calling Melbourne, Battle Hardened Vancouver, PTI Lucca"
Adult,"Viserai, Rune Blood",500,2023-11-06,,"Pro Quest wk3, Calling Melbourne, Battle Hardened Vancouver, PTI Lucca"
Adult,"Bravo, Showstopper",484,2023-11-06,,"Pro Quest wk3, Calling Melbourne, Battle Hardened Vancouver, PTI Lucca"
Adult,"Katsu, the Wanderer",460,2023-11-06,,"Pro Quest wk3, Calling Melbourne, Battle Hardened Vancouver, PTI Lucca"
Adult,"Fai, Rising Rebellion",424,2023-11-06,,"Pro Quest wk3, Calling Melbourne, Battle Hardened Vancouver, PTI Lucca"
Adult,Dorinthea Ironsong,340,2023-11-06,,"Pro Quest wk3, Calling Melbourne, Battle Hardened Vancouver, PTI Lucca"
Adult,"Ser Boltyn, Breaker of Dawn",222,2023-11-06,,"Pro Quest wk3, Calling Melbourne, Battle Hardened Vancouver, PTI Lucca"
Adult,"Rhinar, Reckless Rampage",210,2023-11-06,,"Pro Quest wk3, Calling Melbourne, Battle Hardened Vancouver, PTI Lucca"
Adult,"Uzuri, Switchblade",208,2023-11-06,,"Pro Quest wk3, Calling Melbourne, Battle Hardened Vancouver, PTI Lucca"
Adult,"Azalea, Ace in the Hole",188,2023-11-06,,"Pro Quest wk3, Calling Melbourne, Battle Hardened Vancouver, PTI Lucca"
Adult,"Kano, Dracai of Aether",122,2023-11-06,,"Pro Quest wk3, Calling Melbourne, Battle Hardened Vancouver, PTI Lucca"
Adult,"Levia, Shadowborn Abomination",24,2023-11-06,,"Pro Quest wk3, Calling Melbourne, Battle Hardened Vancouver, PTI Lucca"
Adult,"Arakni, Huntsman",10,2023-11-06,,"Pro Quest wk3, Calling Melbourne, Battle Hardened Vancouver, PTI Lucca"
Adult,Dash I/O,4,2023-11-06,,"Pro Quest wk3, Calling Melbourne, Battle Hardened Vancouver, PTI Lucca"
Adult,"Vynnset, Iron Maiden",4,2023-11-06,,"Pro Quest wk3, Calling Melbourne, Battle Hardened Vancouver, PTI Lucca"
Adult,"Riptide, Lurker of the Deep",2,2023-11-06,,"Pro Quest wk3, Calling Melbourne, Battle Hardened Vancouver, PTI Lucca"
Adult,Maxx 'The Hype' Nitro,0,2023-11-06,,"Pro Quest wk3, Calling Melbourne, Battle Hardened Vancouver, PTI Lucca"
Adult,"Prism, Awakener of Sol",0,2023-11-06,,"Pro Quest wk3, Calling Melbourne, Battle Hardened Vancouver, PTI Lucca"
Adult,"Teklovossen, Esteemed Magnate",0,2023-11-06,,"Pro Quest wk3, Calling Melbourne, Battle Hardened Vancouver, PTI Lucca"
Young,Iyslander,564,2023-11-06,,PTI Lucca
Young,Oldhim,522,2023-11-06,,PTI Lucca
Young,Viserai,509,2023-11-06,,PTI Lucca
Young,Kano,415,2023-11-06,,PTI Lucca
Young,Chane,400,2023-11-06,,PTI Lucca
Young,"Ira, Crimson Haze",377,2023-11-06,,PTI Lucca
Young,"Kassai, Cintari Sellsword",361,2023-11-06,,PTI Lucca
Young,Dorinthea,290,2023-11-06,,PTI Lucca
Young,Dash,231,2023-11-06,,PTI Lucca
Young,Briar,206,2023-11-06,,PTI Lucca
Young,Bravo,184,2023-11-06,,PTI Lucca
Young,Rhinar,177,2023-11-06,,PTI Lucca
Young,Prism,130,2023-11-06,,PTI Lucca
Young,Fai,71,2023-11-06,,PTI Lucca
Young,Lexi,47,2023-11-06,,PTI Lucca
Young,Levia,37,2023-11-06,,PTI Lucca
Young,Dromai,32,2023-11-06,,PTI Lucca
Young,"Yoji, Royal Protector",27,2023-11-06,,PTI Lucca
Young,Vynnset,23,2023-11-06,,PTI Lucca
Young,Boltyn,19,2023-11-06,,PTI Lucca
Young,Uzuri,19,2023-11-06,,PTI Lucca
Young,Azalea,18,2023-11-06,,PTI Lucca
Young,Riptide,16,2023-11-06,,PTI Lucca
Young,"Kayo, Berserker Runt",15,2023-11-06,,PTI Lucca
Young,"Prism, Advent of Thrones",14,2023-11-06,,PTI Lucca
Young,"Benji, the Piercing Wind",12,2023-11-06,,PTI Lucca
Young,"Dorinthea, Quicksilver Prodigy",11,2023-11-06,,PTI Lucca
Young,Valda Brightaxe,10,2023-11-06,,PTI Lucca
Young,"Emperor, Dracai of Aesir",7,2023-11-06,,PTI Lucca
Young,Katsu,7,2023-11-06,,PTI Lucca
Young,"Arakni, Solitary Confinement",5,2023-11-06,,PTI Lucca
Young,Data Doll MKII,2,2023-11-06,,PTI Lucca
Young,"Shiyana, Diamond Gemini",2,2023-11-06,,PTI Lucca
Young,"Kavdaen, Trader of Skins",1,2023-11-06,,PTI Lucca
Young,Arakni,0,2023-11-06,,PTI Lucca
Young,Genis Wotchuneed,0,2023-11-06,,PTI Lucca
Young,"Dash, Database",0,2023-11-06,NEW,PTI Lucca
Young,Maxx Nitro,0,2023-11-06,NEW,PTI Lucca
Young,Teklovossen,0,2023-11-06,NEW,PTI Lucca
Young,"Brevant, Civic Protector",0,2023-11-06,NEW,PTI Lucca
Young,"Melody, Sing-along",0,2023-11-06,NEW,PTI Lucca
Young,Professor Teklovossen,0,2023-11-06,NEW,PTI Lucca
Adult,"Bravo, Star of the Show",1582,2023-11-19,,World Championship
Adult,"Briar, Warden of Thorns",1158,2023-11-19,,World Championship
Adult,"Chane, Bound by Shadow",1102,2023-11-19,,World Championship
Adult,"Lexi, Livewire",1276,2023-11-19,,World Championship
Adult,"Oldhim, Grandfather of Eternity",1186,2023-11-19,,World Championship
Adult,"Prism, Sculptor of Arc Light",1098,2023-11-19,,World Championship
Adult,"Iyslander, Stormbind",972,2023-11-19,,World Championship
Adult,"Fai, Rising Rebellion",724,2023-11-19,,World Championship
Adult,"Dash, Inventor Extraordinaire",698,2023-11-19,,World Championship
Adult,"Dromai, Ash Artist",588,2023-11-19,,World Championship
Adult,"Viserai, Rune Blood",500,2023-11-19,,World Championship
Adult,"Bravo, Showstopper",484,2023-11-19,,World Championship
Adult,"Katsu, the Wanderer",460,2023-11-19,,World Championship
Adult,Dorinthea Ironsong,340,2023-11-19,,World Championship
Adult,"Ser Boltyn, Breaker of Dawn",222,2023-11-19,,World Championship
Adult,"Rhinar, Reckless Rampage",210,2023-11-19,,World Championship
Adult,"Uzuri, Switchblade",208,2023-11-19,,World Championship
Adult,"Azalea, Ace in the Hole",188,2023-11-19,,World Championship
Adult,"Kano, Dracai of Aether",122,2023-11-19,,World Championship
Adult,"Levia, Shadowborn Abomination",24,2023-11-19,,World Championship
Adult,"Arakni, Huntsman",10,2023-11-19,,World Championship
Adult,Dash I/O,4,2023-11-19,,World Championship
Adult,"Vynnset, Iron Maiden",4,2023-11-19,,World Championship
Adult,"Riptide, Lurker of the Deep",2,2023-11-19,,World Championship
Adult,Maxx 'The Hype' Nitro,0,2023-11-19,,World Championship
Adult,"Prism, Awakener of Sol",0,2023-11-19,,World Championship
Adult,"Teklovossen, Esteemed Magnate",0,2023-11-19,,World Championship
Young,Chane,500,2023-11-20,,Skirmish wk1
Young,Iyslander,564,2023-11-20,,Skirmish wk1
Young,Oldhim,522,2023-11-20,,Skirmish wk1
Young,Viserai,509,2023-11-20,,Skirmish wk1
Young,Kano,443,2023-11-20,,Skirmish wk1
Young,"Kassai, Cintari Sellsword",421,2023-11-20,,Skirmish wk1
Young,"Ira, Crimson Haze",405,2023-11-20,,Skirmish wk1
Young,Dorinthea,302,2023-11-20,,Skirmish wk1
Young,Dash,263,2023-11-20,,Skirmish wk1
Young,Briar,214,2023-11-20,,Skirmish wk1
Young,Bravo,208,2023-11-20,,Skirmish wk1
Young,Rhinar,197,2023-11-20,,Skirmish wk1
Young,Prism,134,2023-11-20,,Skirmish wk1
Young,Fai,71,2023-11-20,,Skirmish wk1
Young,Lexi,47,2023-11-20,,Skirmish wk1
Young,Levia,41,2023-11-20,,Skirmish wk1
Young,Dromai,40,2023-11-20,,Skirmish wk1
Young,"Yoji, Royal Protector",27,2023-11-20,,Skirmish wk1
Young,"Prism, Advent of Thrones",26,2023-11-20,,Skirmish wk1
Young,Vynnset,23,2023-11-20,,Skirmish wk1
Young,Boltyn,23,2023-11-20,,Skirmish wk1
Young,Azalea,22,2023-11-20,,Skirmish wk1
Young,Riptide,20,2023-11-20,,Skirmish wk1
Young,Uzuri,19,2023-11-20,,Skirmish wk1
Young,"Benji, the Piercing Wind",16,2023-11-20,,Skirmish wk1
Young,"Kayo, Berserker Runt",15,2023-11-20,,Skirmish wk1
Young,Valda Brightaxe,14,2023-11-20,,Skirmish wk1
Young,"Dorinthea, Quicksilver Prodigy",11,2023-11-20,,Skirmish wk1
Young,"Emperor, Dracai of Aesir",7,2023-11-20,,Skirmish wk1
Young,Katsu,7,2023-11-20,,Skirmish wk1
Young,"Arakni, Solitary Confinement",5,2023-11-20,,Skirmish wk1
Young,Arakni,4,2023-11-20,,Skirmish wk1
Young,"Brevant, Civic Protector",4,2023-11-20,,Skirmish wk1
Young,Data Doll MKII,2,2023-11-20,,Skirmish wk1
Young,"Shiyana, Diamond Gemini",2,2023-11-20,,Skirmish wk1
Young,"Kavdaen, Trader of Skins",1,2023-11-20,,Skirmish wk1
Young,Genis Wotchuneed,0,2023-11-20,,Skirmish wk1
Young,"Dash, Database",0,2023-11-20,,Skirmish wk1
Young,Maxx Nitro,0,2023-11-20,,Skirmish wk1
Young,"Melody, Sing-along",0,2023-11-20,,Skirmish wk1
Young,Professor Teklovossen,0,2023-11-20,,Skirmish wk1
Young,Teklovossen,0,2023-11-20,,Skirmish wk1
Adult,"Bravo, Star of the Show",1582,2023-12-05,,Battle Hardened + PTI Bangkok + PTI Realm Brawl
Adult,"Briar, Warden of Thorns",1158,2023-12-05,,Battle Hardened + PTI Bangkok + PTI Realm Brawl
Adult,"Chane, Bound by Shadow",1102,2023-12-05,,Battle Hardened + PTI Bangkok + PTI Realm Brawl
Adult,"Iyslander, Stormbind",1012,2023-12-05,,Battle Hardened + PTI Bangkok + PTI Realm Brawl
Adult,"Lexi, Livewire",1276,2023-12-05,,Battle Hardened + PTI Bangkok + PTI Realm Brawl
Adult,"Oldhim, Grandfather of Eternity",1186,2023-12-05,,Battle Hardened + PTI Bangkok + PTI Realm Brawl
Adult,"Prism, Sculptor of Arc Light",1098,2023-12-05,,Battle Hardened + PTI Bangkok + PTI Realm Brawl
Adult,"Fai, Rising Rebellion",724,2023-12-05,,Battle Hardened + PTI Bangkok + PTI Realm Brawl
Adult,"Dash, Inventor Extraordinaire",698,2023-12-05,,Battle Hardened + PTI Bangkok + PTI Realm Brawl
Adult,"Dromai, Ash Artist",588,2023-12-05,,Battle Hardened + PTI Bangkok + PTI Realm Brawl
Adult,"Bravo, Showstopper",544,2023-12-05,,Battle Hardened + PTI Bangkok + PTI Realm Brawl
Adult,"Viserai, Rune Blood",500,2023-12-05,,Battle Hardened + PTI Bangkok + PTI Realm Brawl
Adult,"Katsu, the Wanderer",480,2023-12-05,,Battle Hardened + PTI Bangkok + PTI Realm Brawl
Adult,Dorinthea Ironsong,340,2023-12-05,,Battle Hardened + PTI Bangkok + PTI Realm Brawl
Adult,"Ser Boltyn, Breaker of Dawn",222,2023-12-05,,Battle Hardened + PTI Bangkok + PTI Realm Brawl
Adult,"Rhinar, Reckless Rampage",210,2023-12-05,,Battle Hardened + PTI Bangkok + PTI Realm Brawl
Adult,"Azalea, Ace in the Hole",208,2023-12-05,,Battle Hardened + PTI Bangkok + PTI Realm Brawl
Adult,"Uzuri, Switchblade",208,2023-12-05,,Battle Hardened + PTI Bangkok + PTI Realm Brawl
Adult,"Kano, Dracai of Aether",122,2023-12-05,,Battle Hardened + PTI Bangkok + PTI Realm Brawl
Adult,"Levia, Shadowborn Abomination",24,2023-12-05,,Battle Hardened + PTI Bangkok + PTI Realm Brawl
Adult,"Arakni, Huntsman",10,2023-12-05,,Battle Hardened + PTI Bangkok + PTI Realm Brawl
Adult,Dash I/O,4,2023-12-05,,Battle Hardened + PTI Bangkok + PTI Realm Brawl
Adult,"Vynnset, Iron Maiden",4,2023-12-05,,Battle Hardened + PTI Bangkok + PTI Realm Brawl
Adult,"Riptide, Lurker of the Deep",2,2023-12-05,,Battle Hardened + PTI Bangkok + PTI Realm Brawl
Adult,Maxx 'The Hype' Nitro,0,2023-12-05,,Battle Hardened + PTI Bangkok + PTI Realm Brawl
Adult,"Prism, Awakener of Sol",0,2023-12-05,,Battle Hardened + PTI Bangkok + PTI Realm Brawl
Adult,"Teklovossen, Esteemed Magnate",0,2023-12-05,,Battle Hardened + PTI Bangkok + PTI Realm Brawl
Young,Chane,504,2023-12-05,,Skirmish wk3 + late results from wk2
Young,"Ira, Crimson Haze",573,2023-12-05,,Skirmish wk3 + late results from wk2
Young,Iyslander,564,2023-12-05,,Skirmish wk3 + late results from wk2
Young,Kano,527,2023-12-05,,Skirmish wk3 + late results from wk2
Young,"Kassai, Cintari Sellsword",577,2023-12-05,,Skirmish wk3 + late results from wk2
Young,Oldhim,522,2023-12-05,,Skirmish wk3 + late results from wk2
Young,Viserai,509,2023-12-05,,Skirmish wk3 + late results from wk2
Young,Dash,363,2023-12-05,,Skirmish wk3 + late results from wk2
Young,Dorinthea,342,2023-12-05,,Skirmish wk3 + late results from wk2
Young,Briar,334,2023-12-05,,Skirmish wk3 + late results from wk2
Young,Bravo,308,2023-12-05,,Skirmish wk3 + late results from wk2
Young,Rhinar,269,2023-12-05,,Skirmish wk3 + late results from wk2
Young,Prism,178,2023-12-05,,Skirmish wk3 + late results from wk2
Young,"Emperor, Dracai of Aesir",79,2023-12-05,,Skirmish wk3 + late results from wk2
Young,Fai,75,2023-12-05,,Skirmish wk3 + late results from wk2
Young,Levia,69,2023-12-05,,Skirmish wk3 + late results from wk2
Young,"Prism, Advent of Thrones",58,2023-12-05,,Skirmish wk3 + late results from wk2
Young,Dromai,52,2023-12-05,,Skirmish wk3 + late results from wk2
Young,Lexi,47,2023-12-05,,Skirmish wk3 + late results from wk2
Young,Riptide,44,2023-12-05,,Skirmish wk3 + late results from wk2
Young,Vynnset,43,2023-12-05,,Skirmish wk3 + late results from wk2
Young,"Yoji, Royal Protector",39,2023-12-05,,Skirmish wk3 + late results from wk2
Young,"Benji, the Piercing Wind",32,2023-12-05,,Skirmish wk3 + late results from wk2
Young,Azalea,30,2023-12-05,,Skirmish wk3 + late results from wk2
Young,Valda Brightaxe,30,2023-12-05,,Skirmish wk3 + late results from wk2
Young,Boltyn,27,2023-12-05,,Skirmish wk3 + late results from wk2
Young,"Dorinthea, Quicksilver Prodigy",19,2023-12-05,,Skirmish wk3 + late results from wk2
Young,Uzuri,19,2023-12-05,,Skirmish wk3 + late results from wk2
Young,"Kayo, Berserker Runt",15,2023-12-05,,Skirmish wk3 + late results from wk2
Young,Arakni,12,2023-12-05,,Skirmish wk3 + late results from wk2
Young,Katsu,11,2023-12-05,,Skirmish wk3 + late results from wk2
Young,Data Doll MKII,10,2023-12-05,,Skirmish wk3 + late results from wk2
Young,"Brevant, Civic Protector",8,2023-12-05,,Skirmish wk3 + late results from wk2
Young,"Arakni, Solitary Confinement",5,2023-12-05,,Skirmish wk3 + late results from wk2
Young,"Dash, Database",4,2023-12-05,,Skirmish wk3 + late results from wk2
Young,Professor Teklovossen,4,2023-12-05,,Skirmish wk3 + late results from wk2
Young,Teklovossen,4,2023-12-05,,Skirmish wk3 + late results from wk2
Young,"Shiyana, Diamond Gemini",2,2023-12-05,,Skirmish wk3 + late results from wk2
Young,"Kavdaen, Trader of Skins",1,2023-12-05,,Skirmish wk3 + late results from wk2
Young,Genis Wotchuneed,0,2023-12-05,,Skirmish wk3 + late results from wk2
Young,Maxx Nitro,0,2023-12-05,,Skirmish wk3 + late results from wk2
Young,"Melody, Sing-along",0,2023-12-05,,Skirmish wk3 + late results from wk2
Adult,"Bravo, Star of the Show",1582,2023-12-12,,Battle Hardened Orlando
Adult,"Briar, Warden of Thorns",1158,2023-12-12,,Battle Hardened Orlando
Adult,"Chane, Bound by Shadow",1102,2023-12-12,,Battle Hardened Orlando
Adult,"Iyslander, Stormbind",1012,2023-12-12,,Battle Hardened Orlando
Adult,"Lexi, Livewire",1276,2023-12-12,,Battle Hardened Orlando
Adult,"Oldhim, Grandfather of Eternity",1186,2023-12-12,,Battle Hardened Orlando
Adult,"Prism, Sculptor of Arc Light",1098,2023-12-12,,Battle Hardened Orlando
Adult,"Fai, Rising Rebellion",724,2023-12-12,,Battle Hardened Orlando
Adult,"Dash, Inventor Extraordinaire",698,2023-12-12,,Battle Hardened Orlando
Adult,"Dromai, Ash Artist",588,2023-12-12,,Battle Hardened Orlando
Adult,"Bravo, Showstopper",544,2023-12-12,,Battle Hardened Orlando
Adult,"Viserai, Rune Blood",500,2023-12-12,,Battle Hardened Orlando
Adult,"Katsu, the Wanderer",480,2023-12-12,,Battle Hardened Orlando
Adult,Dorinthea Ironsong,340,2023-12-12,,Battle Hardened Orlando
Adult,"Ser Boltyn, Breaker of Dawn",222,2023-12-12,,Battle Hardened Orlando
Adult,"Rhinar, Reckless Rampage",210,2023-12-12,,Battle Hardened Orlando
Adult,"Azalea, Ace in the Hole",208,2023-12-12,,Battle Hardened Orlando
Adult,"Uzuri, Switchblade",208,2023-12-12,,Battle Hardened Orlando
Adult,"Kano, Dracai of Aether",162,2023-12-12,,Battle Hardened Orlando
Adult,"Levia, Shadowborn Abomination",24,2023-12-12,,Battle Hardened Orlando
Adult,"Arakni, Huntsman",10,2023-12-12,,Battle Hardened Orlando
Adult,Dash I/O,4,2023-12-12,,Battle Hardened Orlando
Adult,"Vynnset, Iron Maiden",4,2023-12-12,,Battle Hardened Orlando
Adult,"Riptide, Lurker of the Deep",2,2023-12-12,,Battle Hardened Orlando
Adult,Maxx 'The Hype' Nitro,0,2023-12-12,,Battle Hardened Orlando
Adult,"Prism, Awakener of Sol",0,2023-12-12,,Battle Hardened Orlando
Adult,"Teklovossen, Esteemed Magnate",0,2023-12-12,,Battle Hardened Orlando
Young,Chane,504,2023-12-12,,Skirmish wk4 + late results from wk3
Young,"Ira, Crimson Haze",589,2023-12-12,,Skirmish wk4 + late results from wk3
Young,Iyslander,564,2023-12-12,,Skirmish wk4 + late results from wk3
Young,Kano,535,2023-12-12,,Skirmish wk4 + late results from wk3
Young,"Kassai, Cintari Sellsword",585,2023-12-12,,Skirmish wk4 + late results from wk3
Young,Oldhim,522,2023-12-12,,Skirmish wk4 + late results from wk3
Young,Viserai,509,2023-12-12,,Skirmish wk4 + late results from wk3
Young,Briar,418,2023-12-12,,Skirmish wk4 + late results from wk3
Young,Dash,415,2023-12-12,,Skirmish wk4 + late results from wk3
Young,Dorinthea,382,2023-12-12,,Skirmish wk4 + late results from wk3
Young,Bravo,360,2023-12-12,,Skirmish wk4 + late results from wk3
Young,Rhinar,293,2023-12-12,,Skirmish wk4 + late results from wk3
Young,Prism,186,2023-12-12,,Skirmish wk4 + late results from wk3
Young,"Emperor, Dracai of Aesir",127,2023-12-12,,Skirmish wk4 + late results from wk3
Young,Fai,87,2023-12-12,,Skirmish wk4 + late results from wk3
Young,Levia,77,2023-12-12,,Skirmish wk4 + late results from wk3
Young,"Prism, Advent of Thrones",70,2023-12-12,,Skirmish wk4 + late results from wk3
Young,Dromai,64,2023-12-12,,Skirmish wk4 + late results from wk3
Young,Lexi,55,2023-12-12,,Skirmish wk4 + late results from wk3
Young,Vynnset,55,2023-12-12,,Skirmish wk4 + late results from wk3
Young,"Yoji, Royal Protector",51,2023-12-12,,Skirmish wk4 + late results from wk3
Young,Riptide,44,2023-12-12,,Skirmish wk4 + late results from wk3
Young,"Benji, the Piercing Wind",32,2023-12-12,,Skirmish wk4 + late results from wk3
Young,Boltyn,31,2023-12-12,,Skirmish wk4 + late results from wk3
Young,Azalea,30,2023-12-12,,Skirmish wk4 + late results from wk3
Young,Valda Brightaxe,30,2023-12-12,,Skirmish wk4 + late results from wk3
Young,"Dorinthea, Quicksilver Prodigy",23,2023-12-12,,Skirmish wk4 + late results from wk3
Young,"Kayo, Berserker Runt",19,2023-12-12,,Skirmish wk4 + late results from wk3
Young,Uzuri,19,2023-12-12,,Skirmish wk4 + late results from wk3
Young,Arakni,16,2023-12-12,,Skirmish wk4 + late results from wk3
Young,Katsu,15,2023-12-12,,Skirmish wk4 + late results from wk3
Young,Data Doll MKII,10,2023-12-12,,Skirmish wk4 + late results from wk3
Young,"Arakni, Solitary Confinement",9,2023-12-12,,Skirmish wk4 + late results from wk3
Young,"Brevant, Civic Protector",8,2023-12-12,,Skirmish wk4 + late results from wk3
Young,"Dash, Database",8,2023-12-12,,Skirmish wk4 + late results from wk3
Young,Professor Teklovossen,4,2023-12-12,,Skirmish wk4 + late results from wk3
Young,Teklovossen,4,2023-12-12,,Skirmish wk4 + late results from wk3
Young,"Shiyana, Diamond Gemini",2,2023-12-12,,Skirmish wk4 + late results from wk3
Young,"Kavdaen, Trader of Skins",1,2023-12-12,,Skirmish wk4 + late results from wk3
Young,Genis Wotchuneed,0,2023-12-12,,Skirmish wk4 + late results from wk3
Young,Maxx Nitro,0,2023-12-12,,Skirmish wk4 + late results from wk3
Young,"Melody, Sing-along",0,2023-12-12,,Skirmish wk4 + late results from wk3
Young,Chane,504,2023-12-15,,Skirmish wk4 final
Young,"Ira, Crimson Haze",589,2023-12-15,,Skirmish wk4 final
Young,Iyslander,564,2023-12-15,,Skirmish wk4 final
Young,Kano,535,2023-12-15,,Skirmish wk4 final
Young,"Kassai, Cintari Sellsword",585,2023-12-15,,Skirmish wk4 final
Young,Oldhim,522,2023-12-15,,Skirmish wk4 final
Young,Viserai,509,2023-12-15,,Skirmish wk4 final
Young,Dash,419,2023-12-15,,Skirmish wk4 final
Young,Briar,418,2023-12-15,,Skirmish wk4 final
Young,Dorinthea,382,2023-12-15,,Skirmish wk4 final
Young,Bravo,360,2023-12-15,,Skirmish wk4 final
Young,Rhinar,293,2023-12-15,,Skirmish wk4 final
Young,Prism,186,2023-12-15,,Skirmish wk4 final
Young,"Emperor, Dracai of Aesir",127,2023-12-15,,Skirmish wk4 final
Young,Fai,87,2023-12-15,,Skirmish wk4 final
Young,Levia,77,2023-12-15,,Skirmish wk4 final
Young,"Prism, Advent of Thrones",70,2023-12-15,,Skirmish wk4 final
Young,Dromai,64,2023-12-15,,Skirmish wk4 final
Young,Lexi,55,2023-12-15,,Skirmish wk4 final
Young,Vynnset,55,2023-12-15,,Skirmish wk4 final
Young,"Yoji, Royal Protector",51,2023-12-15,,Skirmish wk4 final
Young,Riptide,44,2023-12-15,,Skirmish wk4 final
Young,"Benji, the Piercing Wind",32,2023-12-15,,Skirmish wk4 final
Young,Boltyn,31,2023-12-15,,Skirmish wk4 final
Young,Azalea,30,2023-12-15,,Skirmish wk4 final
Young,Valda Brightaxe,30,2023-12-15,,Skirmish wk4 final
Young,"Dorinthea, Quicksilver Prodigy",23,2023-12-15,,Skirmish wk4 final
Young,"Kayo, Berserker Runt",19,2023-12-15,,Skirmish wk4 final
Young,Uzuri,19,2023-12-15,,Skirmish wk4 final
Young,Arakni,16,2023-12-15,,Skirmish wk4 final
Young,Katsu,15,2023-12-15,,Skirmish wk4 final
Young,Data Doll MKII,10,2023-12-15,,Skirmish wk4 final
Young,"Arakni, Solitary Confinement",9,2023-12-15,,Skirmish wk4 final
Young,"Brevant, Civic Protector",8,2023-12-15,,Skirmish wk4 final
Young,"Dash, Database",12,2023-12-15,,Skirmish wk4 final
Young,Professor Teklovossen,4,2023-12-15,,Skirmish wk4 final
Young,Teklovossen,4,2023-12-15,,Skirmish wk4 final
Young,"Shiyana, Diamond Gemini",2,2023-12-15,,Skirmish wk4 final
Young,"Kavdaen, Trader of Skins",1,2023-12-15,,Skirmish wk4 final
Young,Genis Wotchuneed,0,2023-12-15,,Skirmish wk4 final
Young,Maxx Nitro,0,2023-12-15,,Skirmish wk4 final
Young,"Melody, Sing-along",0,2023-12-15,,Skirmish wk4 final
Adult,"Bravo, Star of the Show",1582,2023-12-18,,Battle Hardened & PTI Hannover
Adult,"Briar, Warden of Thorns",1158,2023-12-18,,Battle Hardened & PTI Hannover
Adult,"Chane, Bound by Shadow",1102,2023-12-18,,Battle Hardened & PTI Hannover
Adult,"Iyslander, Stormbind",1012,2023-12-18,,Battle Hardened & PTI Hannover
Adult,"Lexi, Livewire",1276,2023-12-18,,Battle Hardened & PTI Hannover
Adult,"Oldhim, Grandfather of Eternity",1186,2023-12-18,,Battle Hardened & PTI Hannover
Adult,"Prism, Sculptor of Arc Light",1098,2023-12-18,,Battle Hardened & PTI Hannover
Adult,"Fai, Rising Rebellion",764,2023-12-18,,Battle Hardened & PTI Hannover
Adult,"Dash, Inventor Extraordinaire",698,2023-12-18,,Battle Hardened & PTI Hannover
Adult,"Dromai, Ash Artist",588,2023-12-18,,Battle Hardened & PTI Hannover
Adult,"Bravo, Showstopper",544,2023-12-18,,Battle Hardened & PTI Hannover
Adult,"Viserai, Rune Blood",500,2023-12-18,,Battle Hardened & PTI Hannover
Adult,"Katsu, the Wanderer",480,2023-12-18,,Battle Hardened & PTI Hannover
Adult,Dorinthea Ironsong,340,2023-12-18,,Battle Hardened & PTI Hannover
Adult,"Ser Boltyn, Breaker of Dawn",222,2023-12-18,,Battle Hardened & PTI Hannover
Adult,"Rhinar, Reckless Rampage",210,2023-12-18,,Battle Hardened & PTI Hannover
Adult,"Azalea, Ace in the Hole",208,2023-12-18,,Battle Hardened & PTI Hannover
Adult,"Uzuri, Switchblade",208,2023-12-18,,Battle Hardened & PTI Hannover
Adult,"Kano, Dracai of Aether",182,2023-12-18,,Battle Hardened & PTI Hannover
Adult,"Levia, Shadowborn Abomination",24,2023-12-18,,Battle Hardened & PTI Hannover
Adult,"Arakni, Huntsman",10,2023-12-18,,Battle Hardened & PTI Hannover
Adult,Dash I/O,4,2023-12-18,,Battle Hardened & PTI Hannover
Adult,"Vynnset, Iron Maiden",4,2023-12-18,,Battle Hardened & PTI Hannover
Adult,"Riptide, Lurker of the Deep",2,2023-12-18,,Battle Hardened & PTI Hannover
Adult,Maxx 'The Hype' Nitro,0,2023-12-18,,Battle Hardened & PTI Hannover
Adult,"Prism, Awakener of Sol",0,2023-12-18,,Battle Hardened & PTI Hannover
Adult,"Teklovossen, Esteemed Magnate",0,2023-12-18,,Battle Hardened & PTI Hannover
Adult,"Bravo, Star of the Show",1582,2024-01-09,,Battle Hardened / PTI Cincinnati
Adult,"Briar, Warden of Thorns",1158,2024-01-09,,Battle Hardened / PTI Cincinnati
Adult,"Chane, Bound by Shadow",1102,2024-01-09,,Battle Hardened / PTI Cincinnati
Adult,"Iyslander, Stormbind",1012,2024-01-09,,Battle Hardened / PTI Cincinnati
Adult,"Lexi, Livewire",1276,2024-01-09,,Battle Hardened / PTI Cincinnati
Adult,"Oldhim, Grandfather of Eternity",1186,2024-01-09,,Battle Hardened / PTI Cincinnati
Adult,"Prism, Sculptor of Arc Light",1098,2024-01-09,,Battle Hardened / PTI Cincinnati
Adult,"Fai, Rising Rebellion",764,2024-01-09,,Battle Hardened / PTI Cincinnati
Adult,"Dash, Inventor Extraordinaire",698,2024-01-09,,Battle Hardened / PTI Cincinnati
Adult,"Dromai, Ash Artist",648,2024-01-09,,Battle Hardened / PTI Cincinnati
Adult,"Bravo, Showstopper",584,2024-01-09,,Battle Hardened / PTI Cincinnati
Adult,"Viserai, Rune Blood",500,2024-01-09,,Battle Hardened / PTI Cincinnati
Adult,"Katsu, the Wanderer",480,2024-01-09,,Battle Hardened / PTI Cincinnati
Adult,Dorinthea Ironsong,340,2024-01-09,,Battle Hardened / PTI Cincinnati
Adult,"Ser Boltyn, Breaker of Dawn",222,2024-01-09,,Battle Hardened / PTI Cincinnati
Adult,"Rhinar, Reckless Rampage",210,2024-01-09,,Battle Hardened / PTI Cincinnati
Adult,"Azalea, Ace in the Hole",208,2024-01-09,,Battle Hardened / PTI Cincinnati
Adult,"Uzuri, Switchblade",208,2024-01-09,,Battle Hardened / PTI Cincinnati
Adult,"Kano, Dracai of Aether",182,2024-01-09,,Battle Hardened / PTI Cincinnati
Adult,"Levia, Shadowborn Abomination",24,2024-01-09,,Battle Hardened / PTI Cincinnati
Adult,"Arakni, Huntsman",10,2024-01-09,,Battle Hardened / PTI Cincinnati
Adult,Dash I/O,4,2024-01-09,,Battle Hardened / PTI Cincinnati
Adult,"Vynnset, Iron Maiden",4,2024-01-09,,Battle Hardened / PTI Cincinnati
Adult,"Riptide, Lurker of the Deep",2,2024-01-09,,Battle Hardened / PTI Cincinnati
Adult,Maxx 'The Hype' Nitro,0,2024-01-09,,Battle Hardened / PTI Cincinnati
Adult,"Prism, Awakener of Sol",0,2024-01-09,,Battle Hardened / PTI Cincinnati
Adult,"Teklovossen, Esteemed Magnate",0,2024-01-09,,Battle Hardened / PTI Cincinnati
Adult,"Bravo, Star of the Show",1582,2024-02-05,,Battle Hardened Hartford / PTI Manila
Adult,"Briar, Warden of Thorns",1158,2024-02-05,,Battle Hardened Hartford / PTI Manila
Adult,"Chane, Bound by Shadow",1102,2024-02-05,,Battle Hardened Hartford / PTI Manila
Adult,"Iyslander, Stormbind",1012,2024-02-05,,Battle Hardened Hartford / PTI Manila
Adult,"Lexi, Livewire",1276,2024-02-05,,Battle Hardened Hartford / PTI Manila
Adult,"Oldhim, Grandfather of Eternity",1186,2024-02-05,,Battle Hardened Hartford / PTI Manila
Adult,"Prism, Sculptor of Arc Light",1098,2024-02-05,,Battle Hardened Hartford / PTI Manila
Adult,"Fai, Rising Rebellion",764,2024-02-05,,Battle Hardened Hartford / PTI Manila
Adult,"Dash, Inventor Extraordinaire",698,2024-02-05,,Battle Hardened Hartford / PTI Manila
Adult,"Dromai, Ash Artist",648,2024-02-05,,Battle Hardened Hartford / PTI Manila
Adult,"Bravo, Showstopper",604,2024-02-05,,Battle Hardened Hartford / PTI Manila
Adult,"Viserai, Rune Blood",500,2024-02-05,,Battle Hardened Hartford / PTI Manila
Adult,"Katsu, the Wanderer",480,2024-02-05,,Battle Hardened Hartford / PTI Manila
Adult,Dorinthea Ironsong,340,2024-02-05,,Battle Hardened Hartford / PTI Manila
Adult,"Ser Boltyn, Breaker of Dawn",222,2024-02-05,,Battle Hardened Hartford / PTI Manila
Adult,"Rhinar, Reckless Rampage",210,2024-02-05,,Battle Hardened Hartford / PTI Manila
Adult,"Azalea, Ace in the Hole",208,2024-02-05,,Battle Hardened Hartford / PTI Manila
Adult,"Uzuri, Switchblade",208,2024-02-05,,Battle Hardened Hartford / PTI Manila
Adult,"Kano, Dracai of Aether",182,2024-02-05,,Battle Hardened Hartford / PTI Manila
Adult,"Kayo, Armed and Dangerous",40,2024-02-05,NEW,Battle Hardened Hartford / PTI Manila
Adult,"Levia, Shadowborn Abomination",24,2024-02-05,,Battle Hardened Hartford / PTI Manila
Adult,"Arakni, Huntsman",10,2024-02-05,,Battle Hardened Hartford / PTI Manila
Adult,Dash I/O,4,2024-02-05,,Battle Hardened Hartford / PTI Manila
Adult,"Vynnset, Iron Maiden",4,2024-02-05,,Battle Hardened Hartford / PTI Manila
Adult,"Riptide, Lurker of the Deep",2,2024-02-05,,Battle Hardened Hartford / PTI Manila
Adult,Maxx 'The Hype' Nitro,0,2024-02-05,,Battle Hardened Hartford / PTI Manila
Adult,"Prism, Awakener of Sol",0,2024-02-05,,Battle Hardened Hartford / PTI Manila
Adult,"Teklovossen, Esteemed Magnate",0,2024-02-05,,Battle Hardened Hartford / PTI Manila
Young,Chane,504,2024-02-05,,Battle Hardened Hartford / PTI Manila
Young,"Ira, Crimson Haze",589,2024-02-05,,Battle Hardened Hartford / PTI Manila
Young,Iyslander,564,2024-02-05,,Battle Hardened Hartford / PTI Manila
Young,Kano,535,2024-02-05,,Battle Hardened Hartford / PTI Manila
Young,"Kassai, Cintari Sellsword",585,2024-02-05,,Battle Hardened Hartford / PTI Manila
Young,Oldhim,522,2024-02-05,,Battle Hardened Hartford / PTI Manila
Young,Viserai,509,2024-02-05,,Battle Hardened Hartford / PTI Manila
Young,Dash,419,2024-02-05,,Battle Hardened Hartford / PTI Manila
Young,Briar,418,2024-02-05,,Battle Hardened Hartford / PTI Manila
Young,Dorinthea,382,2024-02-05,,Battle Hardened Hartford / PTI Manila
Young,Bravo,360,2024-02-05,,Battle Hardened Hartford / PTI Manila
Young,Rhinar,293,2024-02-05,,Battle Hardened Hartford / PTI Manila
Young,Prism,186,2024-02-05,,Battle Hardened Hartford / PTI Manila
Young,"Emperor, Dracai of Aesir",127,2024-02-05,,Battle Hardened Hartford / PTI Manila
Young,Fai,87,2024-02-05,,Battle Hardened Hartford / PTI Manila
Young,Levia,77,2024-02-05,,Battle Hardened Hartford / PTI Manila
Young,"Prism, Advent of Thrones",70,2024-02-05,,Battle Hardened Hartford / PTI Manila
Young,Dromai,64,2024-02-05,,Battle Hardened Hartford / PTI Manila
Young,Lexi,55,2024-02-05,,Battle Hardened Hartford / PTI Manila
Young,Vynnset,55,2024-02-05,,Battle Hardened Hartford / PTI Manila
Young,"Yoji, Royal Protector",51,2024-02-05,,Battle Hardened Hartford / PTI Manila
Young,Riptide,44,2024-02-05,,Battle Hardened Hartford / PTI Manila
Young,Victor Goldmane,40,2024-02-05,,Battle Hardened Hartford / PTI Manila
Young,"Benji, the Piercing Wind",32,2024-02-05,,Battle Hardened Hartford / PTI Manila
Young,Boltyn,31,2024-02-05,,Battle Hardened Hartford / PTI Manila
Young,Azalea,30,2024-02-05,,Battle Hardened Hartford / PTI Manila
Young,Valda Brightaxe,30,2024-02-05,,Battle Hardened Hartford / PTI Manila
Young,"Dorinthea, Quicksilver Prodigy",23,2024-02-05,,Battle Hardened Hartford / PTI Manila
Young,"Kayo, Berserker Runt",19,2024-02-05,,Battle Hardened Hartford / PTI Manila
Young,Uzuri,19,2024-02-05,,Battle Hardened Hartford / PTI Manila
Young,Arakni,16,2024-02-05,,Battle Hardened Hartford / PTI Manila
Young,Katsu,15,2024-02-05,,Battle Hardened Hartford / PTI Manila
Young,Data Doll MKII,10,2024-02-05,,Battle Hardened Hartford / PTI Manila
Young,"Arakni, Solitary Confinement",9,2024-02-05,,Battle Hardened Hartford / PTI Manila
Young,"Brevant, Civic Protector",8,2024-02-05,,Battle Hardened Hartford / PTI Manila
Young,"Dash, Database",12,2024-02-05,,Battle Hardened Hartford / PTI Manila
Young,Professor Teklovossen,4,2024-02-05,,Battle Hardened Hartford / PTI Manila
Young,Teklovossen,4,2024-02-05,,Battle Hardened Hartford / PTI Manila
Young,"Shiyana, Diamond Gemini",2,2024-02-05,,Battle Hardened Hartford / PTI Manila
Young,"Kavdaen, Trader of Skins",1,2024-02-05,,Battle Hardened Hartford / PTI Manila
Young,Genis Wotchuneed,0,2024-02-05,,Battle Hardened Hartford / PTI Manila
Young,Maxx Nitro,0,2024-02-05,,Battle Hardened Hartford / PTI Manila
Young,"Melody, Sing-along",0,2024-02-05,,Battle Hardened Hartford / PTI Manila